,screen_name,username,user_id,tweet_id,tweet_url,timestamp,timestamp_epochs,text,text_html,links,hashtags,has_media,img_urls,video_url,likes,retweets,replies,is_replied,is_reply_to,parent_tweet_id,reply_to_users
0,JavierMillanCSP,Javier Mill√°n,765150124339322880,886332780984107009,/JavierMillanCSP/status/886332780984107009,2017-07-15 21:12:56,1500153176,En #Barcelona afirmamos nuestro compromiso de dar una ofensiva contundente contra la delincuencia #Seguridadpic.twitter.com/2Ky8saszja,"<p class=""TweetTextSize js-tweet-text tweet-text"" data-aria-label-part=""0"" lang=""es"">En <a class=""twitter-hashtag pretty-link js-nav"" data-query-source=""hashtag_click"" dir=""ltr"" href=""/hashtag/Barcelona?src=hash""><s>#</s><b><strong>Barcelona</strong></b></a> afirmamos nuestro compromiso de dar una ofensiva contundente contra la <strong>delincuencia</strong> <a class=""twitter-hashtag pretty-link js-nav"" data-query-source=""hashtag_click"" dir=""ltr"" href=""/hashtag/Seguridad?src=hash""><s>#</s><b>Seguridad</b></a><a class=""twitter-timeline-link u-hidden"" data-pre-embedded=""true"" dir=""ltr"" href=""https://t.co/2Ky8saszja"">pic.twitter.com/2Ky8saszja</a></p>",[],"['Barcelona', 'Seguridadpic']",True,['https://pbs.twimg.com/media/DEzi9zjXcAEi4Zz.jpg'],,0,1,0,False,False,,[]
1,AlcaldiaBna,Alcald√≠a Barcelona,2314207123,886275442898079745,/AlcaldiaBna/status/886275442898079745,2017-07-15 17:25:06,1500139506,En #Barcelona afirmamos nuestro compromiso de dar una ofensiva contundente contra la delincuencia #Seguridadpic.twitter.com/0ljeRAm2pX,"<p class=""TweetTextSize js-tweet-text tweet-text"" data-aria-label-part=""0"" lang=""es"">En <a class=""twitter-hashtag pretty-link js-nav"" data-query-source=""hashtag_click"" dir=""ltr"" href=""/hashtag/Barcelona?src=hash""><s>#</s><b><strong>Barcelona</strong></b></a> afirmamos nuestro compromiso de dar una ofensiva contundente contra la <strong>delincuencia</strong> <a class=""twitter-hashtag pretty-link js-nav"" data-query-source=""hashtag_click"" dir=""ltr"" href=""/hashtag/Seguridad?src=hash""><s>#</s><b>Seguridad</b></a><a class=""twitter-timeline-link u-hidden"" data-pre-embedded=""true"" dir=""ltr"" href=""https://t.co/0ljeRAm2pX"">pic.twitter.com/0ljeRAm2pX</a></p>",[],"['Barcelona', 'Seguridadpic']",True,['https://pbs.twimg.com/media/DEyu0Q8WsAA8MP3.jpg'],,0,0,0,False,False,,[]
2,DerechoULL,Derecho ULL,880331643470434305,886241955226820608,/DerechoULL/status/886241955226820608,2017-07-15 15:12:02,1500131522,La Audiencia de Barcelona ha condenado a dos a√±os de prisi√≥n ‚Äìla pena m√≠nima‚Äì por un delito de lesiones a Miguel... http://fb.me/1j09UbTj4¬†,"<p class=""TweetTextSize js-tweet-text tweet-text"" data-aria-label-part=""0"" lang=""es"">La Audiencia de <strong>Barcelona</strong> ha condenado a dos a√±os de prisi√≥n ‚Äìla pena m√≠nima‚Äì por un <strong>delito</strong> de lesiones a Miguel... <a class=""twitter-timeline-link"" data-expanded-url=""http://fb.me/1j09UbTj4"" dir=""ltr"" href=""https://t.co/9k7RtJDaM7"" rel=""nofollow noopener"" target=""_blank"" title=""http://fb.me/1j09UbTj4""><span class=""tco-ellipsis""></span><span class=""invisible"">http://</span><span class=""js-display-url"">fb.me/1j09UbTj4</span><span class=""invisible""></span><span class=""tco-ellipsis""><span class=""invisible"">¬†</span></span></a></p>",['http://fb.me/1j09UbTj4'],[],False,[],,0,0,0,False,False,,[]
3,La_Directa,Directa,168195769,886222745591312384,/La_Directa/status/886222745591312384,2017-07-15 13:55:42,1500126942,L'Audi√®ncia de Barcelona condemna el mosso per un delicte de lesions durant les protestes per #CanVies https://directa.cat/actualitat/laudiencia-de-barcelona-condemna-un-mosso-dos-anys-de-preso-trencar-lorella-dun-home¬†‚Ä¶pic.twitter.com/iRpB2Y3MND,"<p class=""TweetTextSize js-tweet-text tweet-text"" data-aria-label-part=""0"" lang=""ca"">L'Audi√®ncia de <strong>Barcelona</strong> condemna el mosso per un <strong>delicte</strong> de lesions durant les protestes per <a class=""twitter-hashtag pretty-link js-nav"" data-query-source=""hashtag_click"" dir=""ltr"" href=""/hashtag/CanVies?src=hash""><s>#</s><b>CanVies</b></a> <a class=""twitter-timeline-link"" data-expanded-url=""https://directa.cat/actualitat/laudiencia-de-barcelona-condemna-un-mosso-dos-anys-de-preso-trencar-lorella-dun-home"" dir=""ltr"" href=""https://t.co/HToNEbghLN"" rel=""nofollow noopener"" target=""_blank"" title=""https://directa.cat/actualitat/laudiencia-de-barcelona-condemna-un-mosso-dos-anys-de-preso-trencar-lorella-dun-home""><span class=""tco-ellipsis""></span><span class=""invisible"">https://</span><span class=""js-display-url"">directa.cat/actualitat/lau</span><span class=""invisible"">diencia-de-barcelona-condemna-un-mosso-dos-anys-de-preso-trencar-lorella-dun-home</span><span class=""tco-ellipsis""><span class=""invisible"">¬†</span>‚Ä¶</span></a><a class=""twitter-timeline-link u-hidden"" data-pre-embedded=""true"" dir=""ltr"" href=""https://t.co/iRpB2Y3MND"">pic.twitter.com/iRpB2Y3MND</a></p>",['https://directa.cat/actualitat/laudiencia-de-barcelona-condemna-un-mosso-dos-anys-de-preso-trencar-lorella-dun-home'],['CanVies'],True,['https://pbs.twimg.com/media/DEx-4c2XgAAjS0f.jpg'],,16,30,1,True,True,886211534308954112,"[{'screen_name': 'La_Directa', 'user_id': '168195769'}]"
4,JavierMillanCSP,Javier Mill√°n,765150124339322880,886332780984107009,/JavierMillanCSP/status/886332780984107009,2017-07-15 21:12:56,1500153176,En #Barcelona afirmamos nuestro compromiso de dar una ofensiva contundente contra la delincuencia #Seguridadpic.twitter.com/2Ky8saszja,"<p class=""TweetTextSize js-tweet-text tweet-text"" data-aria-label-part=""0"" lang=""es"">En <a class=""twitter-hashtag pretty-link js-nav"" data-query-source=""hashtag_click"" dir=""ltr"" href=""/hashtag/Barcelona?src=hash""><s>#</s><b><strong>Barcelona</strong></b></a> afirmamos nuestro compromiso de dar una ofensiva contundente contra la <strong>delincuencia</strong> <a class=""twitter-hashtag pretty-link js-nav"" data-query-source=""hashtag_click"" dir=""ltr"" href=""/hashtag/Seguridad?src=hash""><s>#</s><b>Seguridad</b></a><a class=""twitter-timeline-link u-hidden"" data-pre-embedded=""true"" dir=""ltr"" href=""https://t.co/2Ky8saszja"">pic.twitter.com/2Ky8saszja</a></p>",[],"['Barcelona', 'Seguridadpic']",True,['https://pbs.twimg.com/media/DEzi9zjXcAEi4Zz.jpg'],,0,1,0,False,False,,[]
5,AlcaldiaBna,Alcald√≠a Barcelona,2314207123,886275442898079745,/AlcaldiaBna/status/886275442898079745,2017-07-15 17:25:06,1500139506,En #Barcelona afirmamos nuestro compromiso de dar una ofensiva contundente contra la delincuencia #Seguridadpic.twitter.com/0ljeRAm2pX,"<p class=""TweetTextSize js-tweet-text tweet-text"" data-aria-label-part=""0"" lang=""es"">En <a class=""twitter-hashtag pretty-link js-nav"" data-query-source=""hashtag_click"" dir=""ltr"" href=""/hashtag/Barcelona?src=hash""><s>#</s><b><strong>Barcelona</strong></b></a> afirmamos nuestro compromiso de dar una ofensiva contundente contra la <strong>delincuencia</strong> <a class=""twitter-hashtag pretty-link js-nav"" data-query-source=""hashtag_click"" dir=""ltr"" href=""/hashtag/Seguridad?src=hash""><s>#</s><b>Seguridad</b></a><a class=""twitter-timeline-link u-hidden"" data-pre-embedded=""true"" dir=""ltr"" href=""https://t.co/0ljeRAm2pX"">pic.twitter.com/0ljeRAm2pX</a></p>",[],"['Barcelona', 'Seguridadpic']",True,['https://pbs.twimg.com/media/DEyu0Q8WsAA8MP3.jpg'],,0,0,0,False,False,,[]
6,DerechoULL,Derecho ULL,880331643470434305,886241955226820608,/DerechoULL/status/886241955226820608,2017-07-15 15:12:02,1500131522,La Audiencia de Barcelona ha condenado a dos a√±os de prisi√≥n ‚Äìla pena m√≠nima‚Äì por un delito de lesiones a Miguel... http://fb.me/1j09UbTj4¬†,"<p class=""TweetTextSize js-tweet-text tweet-text"" data-aria-label-part=""0"" lang=""es"">La Audiencia de <strong>Barcelona</strong> ha condenado a dos a√±os de prisi√≥n ‚Äìla pena m√≠nima‚Äì por un <strong>delito</strong> de lesiones a Miguel... <a class=""twitter-timeline-link"" data-expanded-url=""http://fb.me/1j09UbTj4"" dir=""ltr"" href=""https://t.co/9k7RtJDaM7"" rel=""nofollow noopener"" target=""_blank"" title=""http://fb.me/1j09UbTj4""><span class=""tco-ellipsis""></span><span class=""invisible"">http://</span><span class=""js-display-url"">fb.me/1j09UbTj4</span><span class=""invisible""></span><span class=""tco-ellipsis""><span class=""invisible"">¬†</span></span></a></p>",['http://fb.me/1j09UbTj4'],[],False,[],,0,0,0,False,False,,[]
7,La_Directa,Directa,168195769,886222745591312384,/La_Directa/status/886222745591312384,2017-07-15 13:55:42,1500126942,L'Audi√®ncia de Barcelona condemna el mosso per un delicte de lesions durant les protestes per #CanVies https://directa.cat/actualitat/laudiencia-de-barcelona-condemna-un-mosso-dos-anys-de-preso-trencar-lorella-dun-home¬†‚Ä¶pic.twitter.com/iRpB2Y3MND,"<p class=""TweetTextSize js-tweet-text tweet-text"" data-aria-label-part=""0"" lang=""ca"">L'Audi√®ncia de <strong>Barcelona</strong> condemna el mosso per un <strong>delicte</strong> de lesions durant les protestes per <a class=""twitter-hashtag pretty-link js-nav"" data-query-source=""hashtag_click"" dir=""ltr"" href=""/hashtag/CanVies?src=hash""><s>#</s><b>CanVies</b></a> <a class=""twitter-timeline-link"" data-expanded-url=""https://directa.cat/actualitat/laudiencia-de-barcelona-condemna-un-mosso-dos-anys-de-preso-trencar-lorella-dun-home"" dir=""ltr"" href=""https://t.co/HToNEbghLN"" rel=""nofollow noopener"" target=""_blank"" title=""https://directa.cat/actualitat/laudiencia-de-barcelona-condemna-un-mosso-dos-anys-de-preso-trencar-lorella-dun-home""><span class=""tco-ellipsis""></span><span class=""invisible"">https://</span><span class=""js-display-url"">directa.cat/actualitat/lau</span><span class=""invisible"">diencia-de-barcelona-condemna-un-mosso-dos-anys-de-preso-trencar-lorella-dun-home</span><span class=""tco-ellipsis""><span class=""invisible"">¬†</span>‚Ä¶</span></a><a class=""twitter-timeline-link u-hidden"" data-pre-embedded=""true"" dir=""ltr"" href=""https://t.co/iRpB2Y3MND"">pic.twitter.com/iRpB2Y3MND</a></p>",['https://directa.cat/actualitat/laudiencia-de-barcelona-condemna-un-mosso-dos-anys-de-preso-trencar-lorella-dun-home'],['CanVies'],True,['https://pbs.twimg.com/media/DEx-4c2XgAAjS0f.jpg'],,16,30,1,True,True,886211534308954112,"[{'screen_name': 'La_Directa', 'user_id': '168195769'}]"
8,dequinhoscfc,Deco SCFC üí•,817902242271494144,887323409222443008,/dequinhoscfc/status/887323409222443008,2017-07-18 14:49:21,1500389361,"Pernambuco para Paulo √© tipo Dubai, Barcelona. N√£o h√° viol√™ncia nem desemprego","<p class=""TweetTextSize js-tweet-text tweet-text"" data-aria-label-part=""0"" lang=""pt"">Pernambuco para Paulo √© tipo Dubai, <strong>Barcelona</strong>. N√£o h√° <strong>viol√™ncia</strong> nem desemprego</p>",[],[],False,[],,0,0,0,False,True,887311318394576898,"[{'screen_name': 'WaltDenn', 'user_id': '120268189'}, {'screen_name': 'jc_pe', 'user_id': '245896728'}, {'screen_name': 'MariliaArraes', 'user_id': '90309661'}]"
9,barcelona_cat,Barcelona,95695959,887318722817536000,/barcelona_cat/status/887318722817536000,2017-07-18 14:30:43,1500388243,"Et controla o t'insulta per WhatsApp? Encara que sigui per m√≤bil, tamb√© √©s viol√®ncia!   
http://barcelona.cat/bcnantimasclista¬†‚Ä¶
#No√©sNo
#BCNantimasclistapic.twitter.com/dSW9cpb76u","<p class=""TweetTextSize js-tweet-text tweet-text"" data-aria-label-part=""0"" lang=""ca"">Et controla o t'insulta per WhatsApp? Encara que sigui per m√≤bil, tamb√© √©s <strong>viol√®ncia</strong>!   
<a class=""twitter-timeline-link"" data-expanded-url=""http://barcelona.cat/bcnantimasclista"" dir=""ltr"" href=""https://t.co/8gL3AHnyOq"" rel=""nofollow noopener"" target=""_blank"" title=""http://barcelona.cat/bcnantimasclista""><span class=""tco-ellipsis""></span><span class=""invisible"">http://</span><span class=""js-display-url"">barcelona.cat/bcnantimasclis</span><span class=""invisible"">ta</span><span class=""tco-ellipsis""><span class=""invisible"">¬†</span>‚Ä¶</span></a>
<a class=""twitter-hashtag pretty-link js-nav"" data-query-source=""hashtag_click"" dir=""ltr"" href=""/hashtag/No%C3%A9sNo?src=hash""><s>#</s><b>No√©sNo</b></a>
<a class=""twitter-hashtag pretty-link js-nav"" data-query-source=""hashtag_click"" dir=""ltr"" href=""/hashtag/BCNantimasclista?src=hash""><s>#</s><b>BCNantimasclista</b></a><a class=""twitter-timeline-link u-hidden"" data-pre-embedded=""true"" dir=""ltr"" href=""https://t.co/dSW9cpb76u"">pic.twitter.com/dSW9cpb76u</a></p>",['http://barcelona.cat/bcnantimasclista'],"['No√©sNo', 'BCNantimasclistapic']",True,['https://pbs.twimg.com/media/DFBjrOqWAAEcilK.jpg'],,8,3,0,False,False,,[]
10,AlDiaCat,AlDia,2494215493,887281529415585792,/AlDiaCat/status/887281529415585792,2017-07-18 12:02:56,1500379376,Investiguen una agressi√≥ amb arma de foc a un home a Terrassa (Barcelona) http://www.aldia.cat/gent/noticia-investiguen-agressio-amb-arma-foc-home-terrassa-barcelona-20170718140146.html¬†‚Ä¶,"<p class=""TweetTextSize js-tweet-text tweet-text"" data-aria-label-part=""0"" lang=""ca"">Investiguen una <strong>agressi√≥</strong> amb arma de foc a un home a Terrassa (<strong>Barcelona</strong>) <a class=""twitter-timeline-link"" data-expanded-url=""http://www.aldia.cat/gent/noticia-investiguen-agressio-amb-arma-foc-home-terrassa-barcelona-20170718140146.html"" dir=""ltr"" href=""https://t.co/8BGK7ndjp4"" rel=""nofollow noopener"" target=""_blank"" title=""http://www.aldia.cat/gent/noticia-investiguen-agressio-amb-arma-foc-home-terrassa-barcelona-20170718140146.html""><span class=""tco-ellipsis""></span><span class=""invisible"">http://www.</span><span class=""js-display-url"">aldia.cat/gent/noticia-i</span><span class=""invisible"">nvestiguen-agressio-amb-arma-foc-home-terrassa-barcelona-20170718140146.html</span><span class=""tco-ellipsis""><span class=""invisible"">¬†</span>‚Ä¶</span></a></p>",['http://www.aldia.cat/gent/noticia-investiguen-agressio-amb-arma-foc-home-terrassa-barcelona-20170718140146.html'],[],False,[],,0,1,0,False,False,,[]
11,alamedera,ana s√°nchez ameneiro,67278370,887277267625402369,/alamedera/status/887277267625402369,2017-07-18 11:46:00,1500378360,Barcelona multa con 7 millones a FCC por incumplir contrato de limpieza; investigan delito penal http://www.eleconomista.es/empresas-finanzas/noticias/8504701/07/17/Barcelona-multa-con-7-millones-a-FCC-por-incumplir-el-contrato-de-limpieza.html¬†‚Ä¶ v√≠a @eleconomistaes,"<p class=""TweetTextSize js-tweet-text tweet-text"" data-aria-label-part=""0"" lang=""es""><strong>Barcelona</strong> multa con 7 millones a FCC por incumplir contrato de limpieza; investigan <strong>delito</strong> penal <a class=""twitter-timeline-link"" data-expanded-url=""http://www.eleconomista.es/empresas-finanzas/noticias/8504701/07/17/Barcelona-multa-con-7-millones-a-FCC-por-incumplir-el-contrato-de-limpieza.html"" dir=""ltr"" href=""https://t.co/1L5CzvojiB"" rel=""nofollow noopener"" target=""_blank"" title=""http://www.eleconomista.es/empresas-finanzas/noticias/8504701/07/17/Barcelona-multa-con-7-millones-a-FCC-por-incumplir-el-contrato-de-limpieza.html""><span class=""tco-ellipsis""></span><span class=""invisible"">http://www.</span><span class=""js-display-url"">eleconomista.es/empresas-finan</span><span class=""invisible"">zas/noticias/8504701/07/17/Barcelona-multa-con-7-millones-a-FCC-por-incumplir-el-contrato-de-limpieza.html</span><span class=""tco-ellipsis""><span class=""invisible"">¬†</span>‚Ä¶</span></a> v√≠a <a class=""twitter-atreply pretty-link js-nav"" data-mentioned-user-id=""166507237"" dir=""ltr"" href=""/elEconomistaes""><s>@</s><b>eleconomistaes</b></a></p>",['http://www.eleconomista.es/empresas-finanzas/noticias/8504701/07/17/Barcelona-multa-con-7-millones-a-FCC-por-incumplir-el-contrato-de-limpieza.html'],[],False,[],,0,0,0,False,False,,[]
12,dequinhoscfc,Deco SCFC üí•,817902242271494144,887323409222443008,/dequinhoscfc/status/887323409222443008,2017-07-18 14:49:21,1500389361,"Pernambuco para Paulo √© tipo Dubai, Barcelona. N√£o h√° viol√™ncia nem desemprego","<p class=""TweetTextSize js-tweet-text tweet-text"" data-aria-label-part=""0"" lang=""pt"">Pernambuco para Paulo √© tipo Dubai, <strong>Barcelona</strong>. N√£o h√° <strong>viol√™ncia</strong> nem desemprego</p>",[],[],False,[],,0,0,0,False,True,887311318394576898,"[{'screen_name': 'WaltDenn', 'user_id': '120268189'}, {'screen_name': 'jc_pe', 'user_id': '245896728'}, {'screen_name': 'MariliaArraes', 'user_id': '90309661'}]"
13,barcelona_cat,Barcelona,95695959,887318722817536000,/barcelona_cat/status/887318722817536000,2017-07-18 14:30:43,1500388243,"Et controla o t'insulta per WhatsApp? Encara que sigui per m√≤bil, tamb√© √©s viol√®ncia!   
http://barcelona.cat/bcnantimasclista¬†‚Ä¶
#No√©sNo
#BCNantimasclistapic.twitter.com/dSW9cpb76u","<p class=""TweetTextSize js-tweet-text tweet-text"" data-aria-label-part=""0"" lang=""ca"">Et controla o t'insulta per WhatsApp? Encara que sigui per m√≤bil, tamb√© √©s <strong>viol√®ncia</strong>!   
<a class=""twitter-timeline-link"" data-expanded-url=""http://barcelona.cat/bcnantimasclista"" dir=""ltr"" href=""https://t.co/8gL3AHnyOq"" rel=""nofollow noopener"" target=""_blank"" title=""http://barcelona.cat/bcnantimasclista""><span class=""tco-ellipsis""></span><span class=""invisible"">http://</span><span class=""js-display-url"">barcelona.cat/bcnantimasclis</span><span class=""invisible"">ta</span><span class=""tco-ellipsis""><span class=""invisible"">¬†</span>‚Ä¶</span></a>
<a class=""twitter-hashtag pretty-link js-nav"" data-query-source=""hashtag_click"" dir=""ltr"" href=""/hashtag/No%C3%A9sNo?src=hash""><s>#</s><b>No√©sNo</b></a>
<a class=""twitter-hashtag pretty-link js-nav"" data-query-source=""hashtag_click"" dir=""ltr"" href=""/hashtag/BCNantimasclista?src=hash""><s>#</s><b>BCNantimasclista</b></a><a class=""twitter-timeline-link u-hidden"" data-pre-embedded=""true"" dir=""ltr"" href=""https://t.co/dSW9cpb76u"">pic.twitter.com/dSW9cpb76u</a></p>",['http://barcelona.cat/bcnantimasclista'],"['No√©sNo', 'BCNantimasclistapic']",True,['https://pbs.twimg.com/media/DFBjrOqWAAEcilK.jpg'],,8,3,0,False,False,,[]
14,AlDiaCat,AlDia,2494215493,887281529415585792,/AlDiaCat/status/887281529415585792,2017-07-18 12:02:56,1500379376,Investiguen una agressi√≥ amb arma de foc a un home a Terrassa (Barcelona) http://www.aldia.cat/gent/noticia-investiguen-agressio-amb-arma-foc-home-terrassa-barcelona-20170718140146.html¬†‚Ä¶,"<p class=""TweetTextSize js-tweet-text tweet-text"" data-aria-label-part=""0"" lang=""ca"">Investiguen una <strong>agressi√≥</strong> amb arma de foc a un home a Terrassa (<strong>Barcelona</strong>) <a class=""twitter-timeline-link"" data-expanded-url=""http://www.aldia.cat/gent/noticia-investiguen-agressio-amb-arma-foc-home-terrassa-barcelona-20170718140146.html"" dir=""ltr"" href=""https://t.co/8BGK7ndjp4"" rel=""nofollow noopener"" target=""_blank"" title=""http://www.aldia.cat/gent/noticia-investiguen-agressio-amb-arma-foc-home-terrassa-barcelona-20170718140146.html""><span class=""tco-ellipsis""></span><span class=""invisible"">http://www.</span><span class=""js-display-url"">aldia.cat/gent/noticia-i</span><span class=""invisible"">nvestiguen-agressio-amb-arma-foc-home-terrassa-barcelona-20170718140146.html</span><span class=""tco-ellipsis""><span class=""invisible"">¬†</span>‚Ä¶</span></a></p>",['http://www.aldia.cat/gent/noticia-investiguen-agressio-amb-arma-foc-home-terrassa-barcelona-20170718140146.html'],[],False,[],,0,1,0,False,False,,[]
15,alamedera,ana s√°nchez ameneiro,67278370,887277267625402369,/alamedera/status/887277267625402369,2017-07-18 11:46:00,1500378360,Barcelona multa con 7 millones a FCC por incumplir contrato de limpieza; investigan delito penal http://www.eleconomista.es/empresas-finanzas/noticias/8504701/07/17/Barcelona-multa-con-7-millones-a-FCC-por-incumplir-el-contrato-de-limpieza.html¬†‚Ä¶ v√≠a @eleconomistaes,"<p class=""TweetTextSize js-tweet-text tweet-text"" data-aria-label-part=""0"" lang=""es""><strong>Barcelona</strong> multa con 7 millones a FCC por incumplir contrato de limpieza; investigan <strong>delito</strong> penal <a class=""twitter-timeline-link"" data-expanded-url=""http://www.eleconomista.es/empresas-finanzas/noticias/8504701/07/17/Barcelona-multa-con-7-millones-a-FCC-por-incumplir-el-contrato-de-limpieza.html"" dir=""ltr"" href=""https://t.co/1L5CzvojiB"" rel=""nofollow noopener"" target=""_blank"" title=""http://www.eleconomista.es/empresas-finanzas/noticias/8504701/07/17/Barcelona-multa-con-7-millones-a-FCC-por-incumplir-el-contrato-de-limpieza.html""><span class=""tco-ellipsis""></span><span class=""invisible"">http://www.</span><span class=""js-display-url"">eleconomista.es/empresas-finan</span><span class=""invisible"">zas/noticias/8504701/07/17/Barcelona-multa-con-7-millones-a-FCC-por-incumplir-el-contrato-de-limpieza.html</span><span class=""tco-ellipsis""><span class=""invisible"">¬†</span>‚Ä¶</span></a> v√≠a <a class=""twitter-atreply pretty-link js-nav"" data-mentioned-user-id=""166507237"" dir=""ltr"" href=""/elEconomistaes""><s>@</s><b>eleconomistaes</b></a></p>",['http://www.eleconomista.es/empresas-finanzas/noticias/8504701/07/17/Barcelona-multa-con-7-millones-a-FCC-por-incumplir-el-contrato-de-limpieza.html'],[],False,[],,0,0,0,False,False,,[]
16,JcarlosTomasi,Juan Carlos Tomasi,241521208,886717953160380419,/JcarlosTomasi/status/886717953160380419,2017-07-16 22:43:29,1500245009,"Weegee, el crimen como espect√°culo. Barcelona re√∫ne un centenar de im√°genes del fotoperiodista que retrat√≥ el... http://fb.me/BLnPKM7G¬†","<p class=""TweetTextSize js-tweet-text tweet-text"" data-aria-label-part=""0"" lang=""es"">Weegee, el <strong>crimen</strong> como espect√°culo. <strong>Barcelona</strong> re√∫ne un centenar de im√°genes del fotoperiodista que retrat√≥ el... <a class=""twitter-timeline-link"" data-expanded-url=""http://fb.me/BLnPKM7G"" dir=""ltr"" href=""https://t.co/qNZwWvWmv7"" rel=""nofollow noopener"" target=""_blank"" title=""http://fb.me/BLnPKM7G""><span class=""tco-ellipsis""></span><span class=""invisible"">http://</span><span class=""js-display-url"">fb.me/BLnPKM7G</span><span class=""invisible""></span><span class=""tco-ellipsis""><span class=""invisible"">¬†</span></span></a></p>",['http://fb.me/BLnPKM7G'],[],False,[],,2,0,0,False,False,,[]
17,Marianne_Blanco,Marianne Blanco,35670885,886716115098972160,/Marianne_Blanco/status/886716115098972160,2017-07-16 22:36:10,1500244570,@TMB_Barcelona Hola... en caso de sufrir alguna agresi√≥n dentro de los vagones del metro ¬øc√≥mo se pide auxilio?,"<p class=""TweetTextSize js-tweet-text tweet-text"" data-aria-label-part=""0"" lang=""es""><a class=""twitter-atreply pretty-link js-nav"" data-mentioned-user-id=""115624105"" dir=""ltr"" href=""/TMB_Barcelona""><s>@</s><b>TMB_<strong>Barcelona</strong></b></a> Hola... en caso de sufrir alguna <strong>agresi√≥n</strong> dentro de los vagones del metro ¬øc√≥mo se pide auxilio?</p>",[],[],False,[],,0,0,0,False,False,,[]
18,PaolinaS16,Paolina Isabella,253688522,886608272660234240,/PaolinaS16/status/886608272660234240,2017-07-16 15:27:39,1500218859,Por una #VenezuelaLibre donde no haya m√°s violencia sino bienestar. #SiSiSiPorVenezuela y por su futuro desde #Barcelona #ConsultaPolular16Jpic.twitter.com/rtF69VG0vy,"<p class=""TweetTextSize js-tweet-text tweet-text"" data-aria-label-part=""0"" lang=""es"">Por una <a class=""twitter-hashtag pretty-link js-nav"" data-query-source=""hashtag_click"" dir=""ltr"" href=""/hashtag/VenezuelaLibre?src=hash""><s>#</s><b>VenezuelaLibre</b></a> donde no haya m√°s <strong>violencia</strong> sino bienestar. <a class=""twitter-hashtag pretty-link js-nav"" data-query-source=""hashtag_click"" dir=""ltr"" href=""/hashtag/SiSiSiPorVenezuela?src=hash""><s>#</s><b>SiSiSiPorVenezuela</b></a> y por su futuro desde <a class=""twitter-hashtag pretty-link js-nav"" data-query-source=""hashtag_click"" dir=""ltr"" href=""/hashtag/Barcelona?src=hash""><s>#</s><b><strong>Barcelona</strong></b></a> <a class=""twitter-hashtag pretty-link js-nav"" data-query-source=""hashtag_click"" dir=""ltr"" href=""/hashtag/ConsultaPolular16J?src=hash""><s>#</s><b>ConsultaPolular16J</b></a><a class=""twitter-timeline-link u-hidden"" data-pre-embedded=""true"" dir=""ltr"" href=""https://t.co/rtF69VG0vy"">pic.twitter.com/rtF69VG0vy</a></p>",[],"['VenezuelaLibre', 'SiSiSiPorVenezuela', 'Barcelona', 'ConsultaPolular16Jpic']",True,"['https://pbs.twimg.com/media/DE3dZKSW0AUSHiv.jpg', 'https://pbs.twimg.com/media/DE3dZKcXkAE7GwH.jpg', 'https://pbs.twimg.com/media/DE3dZK1XcAAVBZu.jpg', 'https://pbs.twimg.com/media/DE3dZKdXUAIJJQ7.jpg']",,0,1,0,False,False,,[]
19,OnVasBarcelona,On Vas Barcelona (Stop Colau),717416609527279616,886570015079772160,/OnVasBarcelona/status/886570015079772160,2017-07-16 12:55:37,1500209737,"Cada cop m√©s inseguretat, degradaci√≥ i bruticia a la Barcelona Colau!!!
http://cronicaglobal.elespanol.com/vida/amenazas-arma-blanca-barceloneta_76839_102.html?utm_source=Twitter&utm_medium=Social&utm_content=Post¬†‚Ä¶","<p class=""TweetTextSize js-tweet-text tweet-text"" data-aria-label-part=""0"" lang=""ca"">Cada cop m√©s <strong>inseguretat</strong>, degradaci√≥ i bruticia a la <strong>Barcelona</strong> Colau!!!
<a class=""twitter-timeline-link"" data-expanded-url=""http://cronicaglobal.elespanol.com/vida/amenazas-arma-blanca-barceloneta_76839_102.html?utm_source=Twitter&amp;utm_medium=Social&amp;utm_content=Post"" dir=""ltr"" href=""https://t.co/tdC07ap6VW"" rel=""nofollow noopener"" target=""_blank"" title=""http://cronicaglobal.elespanol.com/vida/amenazas-arma-blanca-barceloneta_76839_102.html?utm_source=Twitter&amp;utm_medium=Social&amp;utm_content=Post""><span class=""tco-ellipsis""></span><span class=""invisible"">http://</span><span class=""js-display-url"">cronicaglobal.elespanol.com/vida/amenazas-</span><span class=""invisible"">arma-blanca-barceloneta_76839_102.html?utm_source=Twitter&amp;utm_medium=Social&amp;utm_content=Post</span><span class=""tco-ellipsis""><span class=""invisible"">¬†</span>‚Ä¶</span></a></p>",['http://cronicaglobal.elespanol.com/vida/amenazas-arma-blanca-barceloneta_76839_102.html?utm_source=Twitter&utm_medium=Social&utm_content=Post'],[],False,[],,14,37,3,True,False,,[]
20,barcelona_cat,Barcelona,95695959,886568634843357186,/barcelona_cat/status/886568634843357186,2017-07-16 12:50:08,1500209408,"Si toca qualsevol part del teu cos sense el teu consentiment, √©s viol√®ncia masclista. #No√©sNo http://barcelona.cat/bcnantimasclista¬†‚Ä¶
#BCNantimasclistapic.twitter.com/9b41M2PNPZ","<p class=""TweetTextSize js-tweet-text tweet-text"" data-aria-label-part=""0"" lang=""ca"">Si toca qualsevol part del teu cos sense el teu consentiment, √©s <strong>viol√®ncia</strong> masclista. <a class=""twitter-hashtag pretty-link js-nav"" data-query-source=""hashtag_click"" dir=""ltr"" href=""/hashtag/No%C3%A9sNo?src=hash""><s>#</s><b>No√©sNo</b></a> <a class=""twitter-timeline-link"" data-expanded-url=""http://barcelona.cat/bcnantimasclista"" dir=""ltr"" href=""https://t.co/8gL3AHnyOq"" rel=""nofollow noopener"" target=""_blank"" title=""http://barcelona.cat/bcnantimasclista""><span class=""tco-ellipsis""></span><span class=""invisible"">http://</span><span class=""js-display-url"">barcelona.cat/bcnantimasclis</span><span class=""invisible"">ta</span><span class=""tco-ellipsis""><span class=""invisible"">¬†</span>‚Ä¶</span></a>
<a class=""twitter-hashtag pretty-link js-nav"" data-query-source=""hashtag_click"" dir=""ltr"" href=""/hashtag/BCNantimasclista?src=hash""><s>#</s><b>BCNantimasclista</b></a><a class=""twitter-timeline-link u-hidden"" data-pre-embedded=""true"" dir=""ltr"" href=""https://t.co/9b41M2PNPZ"">pic.twitter.com/9b41M2PNPZ</a></p>",['http://barcelona.cat/bcnantimasclista'],"['No√©sNo', 'BCNantimasclistapic']",True,['https://pbs.twimg.com/media/DE25eTmWAAAJRAy.jpg'],,15,11,0,False,False,,[]
21,morales_lluis,l,927279733,886555178845036545,/morales_lluis/status/886555178845036545,2017-07-16 11:56:40,1500206200,El pueblo de #Venezuela est√° cansado ya de violencia en las calles. En #Barcelona no les dejaremos ni respirar. Vayanse!,"<p class=""TweetTextSize js-tweet-text tweet-text"" data-aria-label-part=""0"" lang=""es"">El pueblo de <a class=""twitter-hashtag pretty-link js-nav"" data-query-source=""hashtag_click"" dir=""ltr"" href=""/hashtag/Venezuela?src=hash""><s>#</s><b>Venezuela</b></a> est√° cansado ya de <strong>violencia</strong> en las calles. En <a class=""twitter-hashtag pretty-link js-nav"" data-query-source=""hashtag_click"" dir=""ltr"" href=""/hashtag/Barcelona?src=hash""><s>#</s><b><strong>Barcelona</strong></b></a> no les dejaremos ni respirar. Vayanse!</p>",[],"['Venezuela', 'Barcelona']",False,[],,7,1,2,True,True,886539081206951937,"[{'screen_name': 'geoffreymiguel', 'user_id': '213336738'}, {'screen_name': 'LuisFlorido', 'user_id': '33718836'}, {'screen_name': 'SOSVenezuelaBCN', 'user_id': '2342751769'}]"
22,cruzsfc1905,Casta y Coraje,755125604,886540771209490435,/cruzsfc1905/status/886540771209490435,2017-07-16 10:59:25,1500202765,"Pepe Castro denunciando al #AtMadrid ? S√≠, s√≠... lo mismo q hizo con la agresi√≥n a los pe√±istas en Barcelona.
Presidente BABUCHA
@PS_a1000Km","<p class=""TweetTextSize js-tweet-text tweet-text"" data-aria-label-part=""0"" lang=""es"">Pepe Castro denunciando al <a class=""twitter-hashtag pretty-link js-nav"" data-query-source=""hashtag_click"" dir=""ltr"" href=""/hashtag/AtMadrid?src=hash""><s>#</s><b>AtMadrid</b></a> ? S√≠, s√≠... lo mismo q hizo con la <strong>agresi√≥n</strong> a los pe√±istas en <strong>Barcelona</strong>.
Presidente BABUCHA
<a class=""twitter-atreply pretty-link js-nav"" data-mentioned-user-id=""848041999"" dir=""ltr"" href=""/PS_a1000Km""><s>@</s><b>PS_a1000Km</b></a></p>",[],['AtMadrid'],False,[],,0,0,0,False,False,,[]
23,JcarlosTomasi,Juan Carlos Tomasi,241521208,886717953160380419,/JcarlosTomasi/status/886717953160380419,2017-07-16 22:43:29,1500245009,"Weegee, el crimen como espect√°culo. Barcelona re√∫ne un centenar de im√°genes del fotoperiodista que retrat√≥ el... http://fb.me/BLnPKM7G¬†","<p class=""TweetTextSize js-tweet-text tweet-text"" data-aria-label-part=""0"" lang=""es"">Weegee, el <strong>crimen</strong> como espect√°culo. <strong>Barcelona</strong> re√∫ne un centenar de im√°genes del fotoperiodista que retrat√≥ el... <a class=""twitter-timeline-link"" data-expanded-url=""http://fb.me/BLnPKM7G"" dir=""ltr"" href=""https://t.co/qNZwWvWmv7"" rel=""nofollow noopener"" target=""_blank"" title=""http://fb.me/BLnPKM7G""><span class=""tco-ellipsis""></span><span class=""invisible"">http://</span><span class=""js-display-url"">fb.me/BLnPKM7G</span><span class=""invisible""></span><span class=""tco-ellipsis""><span class=""invisible"">¬†</span></span></a></p>",['http://fb.me/BLnPKM7G'],[],False,[],,2,0,0,False,False,,[]
24,Marianne_Blanco,Marianne Blanco,35670885,886716115098972160,/Marianne_Blanco/status/886716115098972160,2017-07-16 22:36:10,1500244570,@TMB_Barcelona Hola... en caso de sufrir alguna agresi√≥n dentro de los vagones del metro ¬øc√≥mo se pide auxilio?,"<p class=""TweetTextSize js-tweet-text tweet-text"" data-aria-label-part=""0"" lang=""es""><a class=""twitter-atreply pretty-link js-nav"" data-mentioned-user-id=""115624105"" dir=""ltr"" href=""/TMB_Barcelona""><s>@</s><b>TMB_<strong>Barcelona</strong></b></a> Hola... en caso de sufrir alguna <strong>agresi√≥n</strong> dentro de los vagones del metro ¬øc√≥mo se pide auxilio?</p>",[],[],False,[],,0,0,0,False,False,,[]
25,PaolinaS16,Paolina Isabella,253688522,886608272660234240,/PaolinaS16/status/886608272660234240,2017-07-16 15:27:39,1500218859,Por una #VenezuelaLibre donde no haya m√°s violencia sino bienestar. #SiSiSiPorVenezuela y por su futuro desde #Barcelona #ConsultaPolular16Jpic.twitter.com/rtF69VG0vy,"<p class=""TweetTextSize js-tweet-text tweet-text"" data-aria-label-part=""0"" lang=""es"">Por una <a class=""twitter-hashtag pretty-link js-nav"" data-query-source=""hashtag_click"" dir=""ltr"" href=""/hashtag/VenezuelaLibre?src=hash""><s>#</s><b>VenezuelaLibre</b></a> donde no haya m√°s <strong>violencia</strong> sino bienestar. <a class=""twitter-hashtag pretty-link js-nav"" data-query-source=""hashtag_click"" dir=""ltr"" href=""/hashtag/SiSiSiPorVenezuela?src=hash""><s>#</s><b>SiSiSiPorVenezuela</b></a> y por su futuro desde <a class=""twitter-hashtag pretty-link js-nav"" data-query-source=""hashtag_click"" dir=""ltr"" href=""/hashtag/Barcelona?src=hash""><s>#</s><b><strong>Barcelona</strong></b></a> <a class=""twitter-hashtag pretty-link js-nav"" data-query-source=""hashtag_click"" dir=""ltr"" href=""/hashtag/ConsultaPolular16J?src=hash""><s>#</s><b>ConsultaPolular16J</b></a><a class=""twitter-timeline-link u-hidden"" data-pre-embedded=""true"" dir=""ltr"" href=""https://t.co/rtF69VG0vy"">pic.twitter.com/rtF69VG0vy</a></p>",[],"['VenezuelaLibre', 'SiSiSiPorVenezuela', 'Barcelona', 'ConsultaPolular16Jpic']",True,"['https://pbs.twimg.com/media/DE3dZKSW0AUSHiv.jpg', 'https://pbs.twimg.com/media/DE3dZKcXkAE7GwH.jpg', 'https://pbs.twimg.com/media/DE3dZK1XcAAVBZu.jpg', 'https://pbs.twimg.com/media/DE3dZKdXUAIJJQ7.jpg']",,0,1,0,False,False,,[]
26,OnVasBarcelona,On Vas Barcelona (Stop Colau),717416609527279616,886570015079772160,/OnVasBarcelona/status/886570015079772160,2017-07-16 12:55:37,1500209737,"Cada cop m√©s inseguretat, degradaci√≥ i bruticia a la Barcelona Colau!!!
http://cronicaglobal.elespanol.com/vida/amenazas-arma-blanca-barceloneta_76839_102.html?utm_source=Twitter&utm_medium=Social&utm_content=Post¬†‚Ä¶","<p class=""TweetTextSize js-tweet-text tweet-text"" data-aria-label-part=""0"" lang=""ca"">Cada cop m√©s <strong>inseguretat</strong>, degradaci√≥ i bruticia a la <strong>Barcelona</strong> Colau!!!
<a class=""twitter-timeline-link"" data-expanded-url=""http://cronicaglobal.elespanol.com/vida/amenazas-arma-blanca-barceloneta_76839_102.html?utm_source=Twitter&amp;utm_medium=Social&amp;utm_content=Post"" dir=""ltr"" href=""https://t.co/tdC07ap6VW"" rel=""nofollow noopener"" target=""_blank"" title=""http://cronicaglobal.elespanol.com/vida/amenazas-arma-blanca-barceloneta_76839_102.html?utm_source=Twitter&amp;utm_medium=Social&amp;utm_content=Post""><span class=""tco-ellipsis""></span><span class=""invisible"">http://</span><span class=""js-display-url"">cronicaglobal.elespanol.com/vida/amenazas-</span><span class=""invisible"">arma-blanca-barceloneta_76839_102.html?utm_source=Twitter&amp;utm_medium=Social&amp;utm_content=Post</span><span class=""tco-ellipsis""><span class=""invisible"">¬†</span>‚Ä¶</span></a></p>",['http://cronicaglobal.elespanol.com/vida/amenazas-arma-blanca-barceloneta_76839_102.html?utm_source=Twitter&utm_medium=Social&utm_content=Post'],[],False,[],,14,37,3,True,False,,[]
27,barcelona_cat,Barcelona,95695959,886568634843357186,/barcelona_cat/status/886568634843357186,2017-07-16 12:50:08,1500209408,"Si toca qualsevol part del teu cos sense el teu consentiment, √©s viol√®ncia masclista. #No√©sNo http://barcelona.cat/bcnantimasclista¬†‚Ä¶
#BCNantimasclistapic.twitter.com/9b41M2PNPZ","<p class=""TweetTextSize js-tweet-text tweet-text"" data-aria-label-part=""0"" lang=""ca"">Si toca qualsevol part del teu cos sense el teu consentiment, √©s <strong>viol√®ncia</strong> masclista. <a class=""twitter-hashtag pretty-link js-nav"" data-query-source=""hashtag_click"" dir=""ltr"" href=""/hashtag/No%C3%A9sNo?src=hash""><s>#</s><b>No√©sNo</b></a> <a class=""twitter-timeline-link"" data-expanded-url=""http://barcelona.cat/bcnantimasclista"" dir=""ltr"" href=""https://t.co/8gL3AHnyOq"" rel=""nofollow noopener"" target=""_blank"" title=""http://barcelona.cat/bcnantimasclista""><span class=""tco-ellipsis""></span><span class=""invisible"">http://</span><span class=""js-display-url"">barcelona.cat/bcnantimasclis</span><span class=""invisible"">ta</span><span class=""tco-ellipsis""><span class=""invisible"">¬†</span>‚Ä¶</span></a>
<a class=""twitter-hashtag pretty-link js-nav"" data-query-source=""hashtag_click"" dir=""ltr"" href=""/hashtag/BCNantimasclista?src=hash""><s>#</s><b>BCNantimasclista</b></a><a class=""twitter-timeline-link u-hidden"" data-pre-embedded=""true"" dir=""ltr"" href=""https://t.co/9b41M2PNPZ"">pic.twitter.com/9b41M2PNPZ</a></p>",['http://barcelona.cat/bcnantimasclista'],"['No√©sNo', 'BCNantimasclistapic']",True,['https://pbs.twimg.com/media/DE25eTmWAAAJRAy.jpg'],,15,11,0,False,False,,[]
28,morales_lluis,l,927279733,886555178845036545,/morales_lluis/status/886555178845036545,2017-07-16 11:56:40,1500206200,El pueblo de #Venezuela est√° cansado ya de violencia en las calles. En #Barcelona no les dejaremos ni respirar. Vayanse!,"<p class=""TweetTextSize js-tweet-text tweet-text"" data-aria-label-part=""0"" lang=""es"">El pueblo de <a class=""twitter-hashtag pretty-link js-nav"" data-query-source=""hashtag_click"" dir=""ltr"" href=""/hashtag/Venezuela?src=hash""><s>#</s><b>Venezuela</b></a> est√° cansado ya de <strong>violencia</strong> en las calles. En <a class=""twitter-hashtag pretty-link js-nav"" data-query-source=""hashtag_click"" dir=""ltr"" href=""/hashtag/Barcelona?src=hash""><s>#</s><b><strong>Barcelona</strong></b></a> no les dejaremos ni respirar. Vayanse!</p>",[],"['Venezuela', 'Barcelona']",False,[],,7,1,2,True,True,886539081206951937,"[{'screen_name': 'geoffreymiguel', 'user_id': '213336738'}, {'screen_name': 'LuisFlorido', 'user_id': '33718836'}, {'screen_name': 'SOSVenezuelaBCN', 'user_id': '2342751769'}]"
29,cruzsfc1905,Casta y Coraje,755125604,886540771209490435,/cruzsfc1905/status/886540771209490435,2017-07-16 10:59:25,1500202765,"Pepe Castro denunciando al #AtMadrid ? S√≠, s√≠... lo mismo q hizo con la agresi√≥n a los pe√±istas en Barcelona.
Presidente BABUCHA
@PS_a1000Km","<p class=""TweetTextSize js-tweet-text tweet-text"" data-aria-label-part=""0"" lang=""es"">Pepe Castro denunciando al <a class=""twitter-hashtag pretty-link js-nav"" data-query-source=""hashtag_click"" dir=""ltr"" href=""/hashtag/AtMadrid?src=hash""><s>#</s><b>AtMadrid</b></a> ? S√≠, s√≠... lo mismo q hizo con la <strong>agresi√≥n</strong> a los pe√±istas en <strong>Barcelona</strong>.
Presidente BABUCHA
<a class=""twitter-atreply pretty-link js-nav"" data-mentioned-user-id=""848041999"" dir=""ltr"" href=""/PS_a1000Km""><s>@</s><b>PS_a1000Km</b></a></p>",[],['AtMadrid'],False,[],,0,0,0,False,False,,[]
30,A3Noticias,Antena3Noticias,145992645,887791007009579008,/A3Noticias/status/887791007009579008,2017-07-19 21:47:25,1500500845,La guardia urbana de Barcelona presuntamente implicada en la muerte de su marido acusa a su amante de otro crimen ‚ñ∫ http://atres.red/tjb4q1¬†pic.twitter.com/lTyXpOWEbJ,"<p class=""TweetTextSize js-tweet-text tweet-text"" data-aria-label-part=""0"" lang=""es"">La guardia urbana de <strong>Barcelona</strong> presuntamente implicada en la muerte de su marido acusa a su amante de otro <strong>crimen</strong> ‚ñ∫ <a class=""twitter-timeline-link"" data-expanded-url=""http://atres.red/tjb4q1"" dir=""ltr"" href=""https://t.co/ZWF37oceBv"" rel=""nofollow noopener"" target=""_blank"" title=""http://atres.red/tjb4q1""><span class=""tco-ellipsis""></span><span class=""invisible"">http://</span><span class=""js-display-url"">atres.red/tjb4q1</span><span class=""invisible""></span><span class=""tco-ellipsis""><span class=""invisible"">¬†</span></span></a><a class=""twitter-timeline-link u-hidden"" data-pre-embedded=""true"" dir=""ltr"" href=""https://t.co/lTyXpOWEbJ"">pic.twitter.com/lTyXpOWEbJ</a></p>",['http://atres.red/tjb4q1'],[],True,['https://pbs.twimg.com/media/DFIRNxgXUAMwuFq.jpg'],,8,20,5,True,False,,[]
31,barcelona_cat,Barcelona,95695959,887592897390014464,/barcelona_cat/status/887592897390014464,2017-07-19 08:40:12,1500453612,"Atenci√≥! Tel√®fons per tenir a m√† en cas d'urg√®ncia per agressi√≥ masclista. http://barcelona.cat/bcnantimasclista¬†‚Ä¶. 
#No√©sNo
#BCNantimasclistapic.twitter.com/6N6efSKqTI","<p class=""TweetTextSize js-tweet-text tweet-text"" data-aria-label-part=""0"" lang=""ca"">Atenci√≥! Tel√®fons per tenir a m√† en cas d'urg√®ncia per <strong>agressi√≥</strong> masclista. <a class=""twitter-timeline-link"" data-expanded-url=""http://barcelona.cat/bcnantimasclista"" dir=""ltr"" href=""https://t.co/8gL3AHnyOq"" rel=""nofollow noopener"" target=""_blank"" title=""http://barcelona.cat/bcnantimasclista""><span class=""tco-ellipsis""></span><span class=""invisible"">http://</span><span class=""js-display-url"">barcelona.cat/bcnantimasclis</span><span class=""invisible"">ta</span><span class=""tco-ellipsis""><span class=""invisible"">¬†</span>‚Ä¶</span></a>. 
<a class=""twitter-hashtag pretty-link js-nav"" data-query-source=""hashtag_click"" dir=""ltr"" href=""/hashtag/No%C3%A9sNo?src=hash""><s>#</s><b>No√©sNo</b></a>
<a class=""twitter-hashtag pretty-link js-nav"" data-query-source=""hashtag_click"" dir=""ltr"" href=""/hashtag/BCNantimasclista?src=hash""><s>#</s><b>BCNantimasclista</b></a><a class=""twitter-timeline-link u-hidden"" data-pre-embedded=""true"" dir=""ltr"" href=""https://t.co/6N6efSKqTI"">pic.twitter.com/6N6efSKqTI</a></p>",['http://barcelona.cat/bcnantimasclista'],"['No√©sNo', 'BCNantimasclistapic']",True,['https://pbs.twimg.com/media/DFFdCQ4VoAM1a8h.jpg'],,5,7,0,False,False,,[]
32,feminicidio,Feminicidio¬∑net,249112212,887560171249176576,/feminicidio/status/887560171249176576,2017-07-19 06:30:09,1500445809,"#Barcelona: Consigue la detenci√≥n del exnovio de su hija tras brutal agresi√≥n machista que perpetr√≥ con sus amigos
http://www.lasexta.com/noticias/sociedad/joven-agrede-brutalmente-exnovia-junto-tres-amigos-estos-hijos-puta-han-pegado-paliza-muerte_20170718596de2020cf213125bf88a8f.html¬†‚Ä¶","<p class=""TweetTextSize js-tweet-text tweet-text"" data-aria-label-part=""0"" lang=""es""><a class=""twitter-hashtag pretty-link js-nav"" data-query-source=""hashtag_click"" dir=""ltr"" href=""/hashtag/Barcelona?src=hash""><s>#</s><b><strong>Barcelona</strong></b></a>: Consigue la detenci√≥n del exnovio de su hija tras brutal <strong>agresi√≥n</strong> machista que perpetr√≥ con sus amigos
<a class=""twitter-timeline-link u-hidden"" data-expanded-url=""http://www.lasexta.com/noticias/sociedad/joven-agrede-brutalmente-exnovia-junto-tres-amigos-estos-hijos-puta-han-pegado-paliza-muerte_20170718596de2020cf213125bf88a8f.html"" dir=""ltr"" href=""https://t.co/pGGgyWKz4a"" rel=""nofollow noopener"" target=""_blank"" title=""http://www.lasexta.com/noticias/sociedad/joven-agrede-brutalmente-exnovia-junto-tres-amigos-estos-hijos-puta-han-pegado-paliza-muerte_20170718596de2020cf213125bf88a8f.html""><span class=""tco-ellipsis""></span><span class=""invisible"">http://www.</span><span class=""js-display-url"">lasexta.com/noticias/socie</span><span class=""invisible"">dad/joven-agrede-brutalmente-exnovia-junto-tres-amigos-estos-hijos-puta-han-pegado-paliza-muerte_20170718596de2020cf213125bf88a8f.html</span><span class=""tco-ellipsis""><span class=""invisible"">¬†</span>‚Ä¶</span></a></p>",['http://www.lasexta.com/noticias/sociedad/joven-agrede-brutalmente-exnovia-junto-tres-amigos-estos-hijos-puta-han-pegado-paliza-muerte_20170718596de2020cf213125bf88a8f.html'],['Barcelona'],False,[],,27,57,2,True,False,,[]
33,cheekyfujedi,juliette ‚öì,333359403,887559476592746496,/cheekyfujedi/status/887559476592746496,2017-07-19 06:27:23,1500445643,"Felicitaciones @barcelona_GUB ! En vez de estar ""combatiendo el crimen"" en badalona se dedican a ver que perro mete una pata en la playa!","<p class=""TweetTextSize js-tweet-text tweet-text"" data-aria-label-part=""0"" lang=""es"">Felicitaciones <a class=""twitter-atreply pretty-link js-nav"" data-mentioned-user-id=""442728468"" dir=""ltr"" href=""/barcelona_GUB""><s>@</s><b><strong>barcelona</strong>_GUB</b></a> ! En vez de estar ""combatiendo el <strong>crimen</strong>"" en badalona se dedican a ver que perro mete una pata en la playa!</p>",[],[],False,[],,0,0,1,True,False,,[]
34,bostonrex,rex,51965655,887497358472355841,/bostonrex/status/887497358472355841,2017-07-19 02:20:33,1500430833,"En puerto, lecheria y barcelona hay como 30 alcabalas. Vieron que si se puede contra la delincuencia?  la vaina es que NO QUIEREN","<p class=""TweetTextSize js-tweet-text tweet-text"" data-aria-label-part=""0"" lang=""es"">En puerto, lecheria y <strong>barcelona</strong> hay como 30 alcabalas. Vieron que si se puede contra la <strong>delincuencia</strong>?  la vaina es que NO QUIEREN</p>",[],[],False,[],,32,49,3,True,False,,[]
35,primeraedicionw,Primera Edici√≥n,263980293,887469579408220160,/primeraedicionw/status/887469579408220160,2017-07-19 00:30:10,1500424210,"#Capacitaci√≥n
Estudiantes posade√±os cursaron seminario sobre ""teor√≠a del delito"" en Barcelona
https://goo.gl/dDguoW¬†pic.twitter.com/UqLugNyk1L","<p class=""TweetTextSize js-tweet-text tweet-text"" data-aria-label-part=""0"" lang=""es""><a class=""twitter-hashtag pretty-link js-nav"" data-query-source=""hashtag_click"" dir=""ltr"" href=""/hashtag/Capacitaci%C3%B3n?src=hash""><s>#</s><b>Capacitaci√≥n</b></a>
Estudiantes posade√±os cursaron seminario sobre ""teor√≠a del <strong>delito</strong>"" en <strong>Barcelona</strong>
<a class=""twitter-timeline-link"" data-expanded-url=""https://goo.gl/dDguoW"" dir=""ltr"" href=""https://t.co/LiPjoZb4BP"" rel=""nofollow noopener"" target=""_blank"" title=""https://goo.gl/dDguoW""><span class=""tco-ellipsis""></span><span class=""invisible"">https://</span><span class=""js-display-url"">goo.gl/dDguoW</span><span class=""invisible""></span><span class=""tco-ellipsis""><span class=""invisible"">¬†</span></span></a><a class=""twitter-timeline-link u-hidden"" data-pre-embedded=""true"" dir=""ltr"" href=""https://t.co/UqLugNyk1L"">pic.twitter.com/UqLugNyk1L</a></p>",['https://goo.gl/dDguoW'],['Capacitaci√≥n'],True,['https://pbs.twimg.com/media/DFDs4JjXcAMfO5u.jpg'],,1,2,0,False,False,,[]
36,A3Noticias,Antena3Noticias,145992645,887791007009579008,/A3Noticias/status/887791007009579008,2017-07-19 21:47:25,1500500845,La guardia urbana de Barcelona presuntamente implicada en la muerte de su marido acusa a su amante de otro crimen ‚ñ∫ http://atres.red/tjb4q1¬†pic.twitter.com/lTyXpOWEbJ,"<p class=""TweetTextSize js-tweet-text tweet-text"" data-aria-label-part=""0"" lang=""es"">La guardia urbana de <strong>Barcelona</strong> presuntamente implicada en la muerte de su marido acusa a su amante de otro <strong>crimen</strong> ‚ñ∫ <a class=""twitter-timeline-link"" data-expanded-url=""http://atres.red/tjb4q1"" dir=""ltr"" href=""https://t.co/ZWF37oceBv"" rel=""nofollow noopener"" target=""_blank"" title=""http://atres.red/tjb4q1""><span class=""tco-ellipsis""></span><span class=""invisible"">http://</span><span class=""js-display-url"">atres.red/tjb4q1</span><span class=""invisible""></span><span class=""tco-ellipsis""><span class=""invisible"">¬†</span></span></a><a class=""twitter-timeline-link u-hidden"" data-pre-embedded=""true"" dir=""ltr"" href=""https://t.co/lTyXpOWEbJ"">pic.twitter.com/lTyXpOWEbJ</a></p>",['http://atres.red/tjb4q1'],[],True,['https://pbs.twimg.com/media/DFIRNxgXUAMwuFq.jpg'],,8,20,5,True,False,,[]
37,barcelona_cat,Barcelona,95695959,887592897390014464,/barcelona_cat/status/887592897390014464,2017-07-19 08:40:12,1500453612,"Atenci√≥! Tel√®fons per tenir a m√† en cas d'urg√®ncia per agressi√≥ masclista. http://barcelona.cat/bcnantimasclista¬†‚Ä¶. 
#No√©sNo
#BCNantimasclistapic.twitter.com/6N6efSKqTI","<p class=""TweetTextSize js-tweet-text tweet-text"" data-aria-label-part=""0"" lang=""ca"">Atenci√≥! Tel√®fons per tenir a m√† en cas d'urg√®ncia per <strong>agressi√≥</strong> masclista. <a class=""twitter-timeline-link"" data-expanded-url=""http://barcelona.cat/bcnantimasclista"" dir=""ltr"" href=""https://t.co/8gL3AHnyOq"" rel=""nofollow noopener"" target=""_blank"" title=""http://barcelona.cat/bcnantimasclista""><span class=""tco-ellipsis""></span><span class=""invisible"">http://</span><span class=""js-display-url"">barcelona.cat/bcnantimasclis</span><span class=""invisible"">ta</span><span class=""tco-ellipsis""><span class=""invisible"">¬†</span>‚Ä¶</span></a>. 
<a class=""twitter-hashtag pretty-link js-nav"" data-query-source=""hashtag_click"" dir=""ltr"" href=""/hashtag/No%C3%A9sNo?src=hash""><s>#</s><b>No√©sNo</b></a>
<a class=""twitter-hashtag pretty-link js-nav"" data-query-source=""hashtag_click"" dir=""ltr"" href=""/hashtag/BCNantimasclista?src=hash""><s>#</s><b>BCNantimasclista</b></a><a class=""twitter-timeline-link u-hidden"" data-pre-embedded=""true"" dir=""ltr"" href=""https://t.co/6N6efSKqTI"">pic.twitter.com/6N6efSKqTI</a></p>",['http://barcelona.cat/bcnantimasclista'],"['No√©sNo', 'BCNantimasclistapic']",True,['https://pbs.twimg.com/media/DFFdCQ4VoAM1a8h.jpg'],,5,7,0,False,False,,[]
38,feminicidio,Feminicidio¬∑net,249112212,887560171249176576,/feminicidio/status/887560171249176576,2017-07-19 06:30:09,1500445809,"#Barcelona: Consigue la detenci√≥n del exnovio de su hija tras brutal agresi√≥n machista que perpetr√≥ con sus amigos
http://www.lasexta.com/noticias/sociedad/joven-agrede-brutalmente-exnovia-junto-tres-amigos-estos-hijos-puta-han-pegado-paliza-muerte_20170718596de2020cf213125bf88a8f.html¬†‚Ä¶","<p class=""TweetTextSize js-tweet-text tweet-text"" data-aria-label-part=""0"" lang=""es""><a class=""twitter-hashtag pretty-link js-nav"" data-query-source=""hashtag_click"" dir=""ltr"" href=""/hashtag/Barcelona?src=hash""><s>#</s><b><strong>Barcelona</strong></b></a>: Consigue la detenci√≥n del exnovio de su hija tras brutal <strong>agresi√≥n</strong> machista que perpetr√≥ con sus amigos
<a class=""twitter-timeline-link u-hidden"" data-expanded-url=""http://www.lasexta.com/noticias/sociedad/joven-agrede-brutalmente-exnovia-junto-tres-amigos-estos-hijos-puta-han-pegado-paliza-muerte_20170718596de2020cf213125bf88a8f.html"" dir=""ltr"" href=""https://t.co/pGGgyWKz4a"" rel=""nofollow noopener"" target=""_blank"" title=""http://www.lasexta.com/noticias/sociedad/joven-agrede-brutalmente-exnovia-junto-tres-amigos-estos-hijos-puta-han-pegado-paliza-muerte_20170718596de2020cf213125bf88a8f.html""><span class=""tco-ellipsis""></span><span class=""invisible"">http://www.</span><span class=""js-display-url"">lasexta.com/noticias/socie</span><span class=""invisible"">dad/joven-agrede-brutalmente-exnovia-junto-tres-amigos-estos-hijos-puta-han-pegado-paliza-muerte_20170718596de2020cf213125bf88a8f.html</span><span class=""tco-ellipsis""><span class=""invisible"">¬†</span>‚Ä¶</span></a></p>",['http://www.lasexta.com/noticias/sociedad/joven-agrede-brutalmente-exnovia-junto-tres-amigos-estos-hijos-puta-han-pegado-paliza-muerte_20170718596de2020cf213125bf88a8f.html'],['Barcelona'],False,[],,27,57,2,True,False,,[]
39,cheekyfujedi,juliette ‚öì,333359403,887559476592746496,/cheekyfujedi/status/887559476592746496,2017-07-19 06:27:23,1500445643,"Felicitaciones @barcelona_GUB ! En vez de estar ""combatiendo el crimen"" en badalona se dedican a ver que perro mete una pata en la playa!","<p class=""TweetTextSize js-tweet-text tweet-text"" data-aria-label-part=""0"" lang=""es"">Felicitaciones <a class=""twitter-atreply pretty-link js-nav"" data-mentioned-user-id=""442728468"" dir=""ltr"" href=""/barcelona_GUB""><s>@</s><b><strong>barcelona</strong>_GUB</b></a> ! En vez de estar ""combatiendo el <strong>crimen</strong>"" en badalona se dedican a ver que perro mete una pata en la playa!</p>",[],[],False,[],,0,0,1,True,False,,[]
40,bostonrex,rex,51965655,887497358472355841,/bostonrex/status/887497358472355841,2017-07-19 02:20:33,1500430833,"En puerto, lecheria y barcelona hay como 30 alcabalas. Vieron que si se puede contra la delincuencia?  la vaina es que NO QUIEREN","<p class=""TweetTextSize js-tweet-text tweet-text"" data-aria-label-part=""0"" lang=""es"">En puerto, lecheria y <strong>barcelona</strong> hay como 30 alcabalas. Vieron que si se puede contra la <strong>delincuencia</strong>?  la vaina es que NO QUIEREN</p>",[],[],False,[],,32,49,3,True,False,,[]
41,primeraedicionw,Primera Edici√≥n,263980293,887469579408220160,/primeraedicionw/status/887469579408220160,2017-07-19 00:30:10,1500424210,"#Capacitaci√≥n
Estudiantes posade√±os cursaron seminario sobre ""teor√≠a del delito"" en Barcelona
https://goo.gl/dDguoW¬†pic.twitter.com/UqLugNyk1L","<p class=""TweetTextSize js-tweet-text tweet-text"" data-aria-label-part=""0"" lang=""es""><a class=""twitter-hashtag pretty-link js-nav"" data-query-source=""hashtag_click"" dir=""ltr"" href=""/hashtag/Capacitaci%C3%B3n?src=hash""><s>#</s><b>Capacitaci√≥n</b></a>
Estudiantes posade√±os cursaron seminario sobre ""teor√≠a del <strong>delito</strong>"" en <strong>Barcelona</strong>
<a class=""twitter-timeline-link"" data-expanded-url=""https://goo.gl/dDguoW"" dir=""ltr"" href=""https://t.co/LiPjoZb4BP"" rel=""nofollow noopener"" target=""_blank"" title=""https://goo.gl/dDguoW""><span class=""tco-ellipsis""></span><span class=""invisible"">https://</span><span class=""js-display-url"">goo.gl/dDguoW</span><span class=""invisible""></span><span class=""tco-ellipsis""><span class=""invisible"">¬†</span></span></a><a class=""twitter-timeline-link u-hidden"" data-pre-embedded=""true"" dir=""ltr"" href=""https://t.co/UqLugNyk1L"">pic.twitter.com/UqLugNyk1L</a></p>",['https://goo.gl/dDguoW'],['Capacitaci√≥n'],True,['https://pbs.twimg.com/media/DFDs4JjXcAMfO5u.jpg'],,1,2,0,False,False,,[]
42,MAssumpta,Assumpta Casadej√∫s ŸÜ ü•á,103418522,887073098960449536,/MAssumpta/status/887073098960449536,2017-07-17 22:14:42,1500329682,"En lugar de avergonzaros de vuestra incongruencia, la pregon√°is.

El crimen m√°s salvaje de ETA fue en Barcelona (Hipercor)

INDEPEND√àNCIA!!","<p class=""TweetTextSize js-tweet-text tweet-text"" data-aria-label-part=""0"" lang=""es"">En lugar de avergonzaros de vuestra incongruencia, la pregon√°is.

El <strong>crimen</strong> m√°s salvaje de ETA fue en <strong>Barcelona</strong> (Hipercor)

INDEPEND√àNCIA!!</p>",[],[],False,[],,3,3,0,False,True,886563885242662912,"[{'screen_name': 'populares', 'user_id': '20509689'}, {'screen_name': 'PPopular', 'user_id': '1100424245132300288'}, {'screen_name': 'pablocasado_', 'user_id': '523386042'}]"
43,JavierMillanCSP,Javier Mill√°n,765150124339322880,886966959077830656,/JavierMillanCSP/status/886966959077830656,2017-07-17 15:12:56,1500304376,En #Barcelona afirmamos nuestro compromiso de dar una ofensiva contundente contra la delincuencia #Seguridadpic.twitter.com/nD4fGJcjdr,"<p class=""TweetTextSize js-tweet-text tweet-text"" data-aria-label-part=""0"" lang=""es"">En <a class=""twitter-hashtag pretty-link js-nav"" data-query-source=""hashtag_click"" dir=""ltr"" href=""/hashtag/Barcelona?src=hash""><s>#</s><b><strong>Barcelona</strong></b></a> afirmamos nuestro compromiso de dar una ofensiva contundente contra la <strong>delincuencia</strong> <a class=""twitter-hashtag pretty-link js-nav"" data-query-source=""hashtag_click"" dir=""ltr"" href=""/hashtag/Seguridad?src=hash""><s>#</s><b>Seguridad</b></a><a class=""twitter-timeline-link u-hidden"" data-pre-embedded=""true"" dir=""ltr"" href=""https://t.co/nD4fGJcjdr"">pic.twitter.com/nD4fGJcjdr</a></p>",[],"['Barcelona', 'Seguridadpic']",True,['https://pbs.twimg.com/media/DE8jvyKXgAAGGI9.jpg'],,0,0,0,False,False,,[]
44,AlcaldiaBna,Alcald√≠a Barcelona,2314207123,886947369857822721,/AlcaldiaBna/status/886947369857822721,2017-07-17 13:55:06,1500299706,En #Barcelona afirmamos nuestro compromiso de dar una ofensiva contundente contra la delincuencia #Seguridadpic.twitter.com/nIS2WCj4KX,"<p class=""TweetTextSize js-tweet-text tweet-text"" data-aria-label-part=""0"" lang=""es"">En <a class=""twitter-hashtag pretty-link js-nav"" data-query-source=""hashtag_click"" dir=""ltr"" href=""/hashtag/Barcelona?src=hash""><s>#</s><b><strong>Barcelona</strong></b></a> afirmamos nuestro compromiso de dar una ofensiva contundente contra la <strong>delincuencia</strong> <a class=""twitter-hashtag pretty-link js-nav"" data-query-source=""hashtag_click"" dir=""ltr"" href=""/hashtag/Seguridad?src=hash""><s>#</s><b>Seguridad</b></a><a class=""twitter-timeline-link u-hidden"" data-pre-embedded=""true"" dir=""ltr"" href=""https://t.co/nIS2WCj4KX"">pic.twitter.com/nIS2WCj4KX</a></p>",[],"['Barcelona', 'Seguridadpic']",True,"['https://pbs.twimg.com/media/DE8R7hoW0AA_TZY.jpg', 'https://pbs.twimg.com/media/DE8R7fFXgAEB5nw.jpg']",,1,3,0,False,False,,[]
45,arabalears,Diari ARA Balears,194178895,886893095387844608,/arabalears/status/886893095387844608,2017-07-17 10:19:26,1500286766,"Despr√©s que el passatge atur√©s a Barcelona un vol de deportaci√≥, recuperam un v√≠deo on es veu la viol√®ncia policial http://arabalears.cat/_6d50df9a?s=t¬†","<p class=""TweetTextSize js-tweet-text tweet-text"" data-aria-label-part=""0"" lang=""ca"">Despr√©s que el passatge atur√©s a <strong>Barcelona</strong> un vol de deportaci√≥, recuperam un v√≠deo on es veu la <strong>viol√®ncia</strong> policial <a class=""twitter-timeline-link"" data-expanded-url=""http://arabalears.cat/_6d50df9a?s=t"" dir=""ltr"" href=""https://t.co/a2RJf2o43f"" rel=""nofollow noopener"" target=""_blank"" title=""http://arabalears.cat/_6d50df9a?s=t""><span class=""tco-ellipsis""></span><span class=""invisible"">http://</span><span class=""js-display-url"">arabalears.cat/_6d50df9a?s=t</span><span class=""invisible""></span><span class=""tco-ellipsis""><span class=""invisible"">¬†</span></span></a></p>",['http://arabalears.cat/_6d50df9a?s=t'],[],False,[],,0,0,0,False,False,,[]
46,barcelona_GUB,Gu√†rdia Urbana Barcelona,442728468,886883543036678144,/barcelona_GUB/status/886883543036678144,2017-07-17 09:41:28,1500284488,"Pedro vel√†zquez: ""A Barcelona els robatoris amb viol√®ncia no s√≥n habituals. Els furts principalment s√≥n per descuits"". pic.twitter.com/iqek1KShc4","<p class=""TweetTextSize js-tweet-text tweet-text"" data-aria-label-part=""0"" lang=""ca"">Pedro vel√†zquez: ""A <strong>Barcelona</strong> els robatoris amb <strong>viol√®ncia</strong> no s√≥n habituals. Els furts principalment s√≥n per descuits"". <a class=""twitter-timeline-link u-hidden"" data-pre-embedded=""true"" dir=""ltr"" href=""https://t.co/iqek1KShc4"">pic.twitter.com/iqek1KShc4</a></p>",[],[],True,['https://pbs.twimg.com/media/DE7XzcAXUAAVeKH.jpg'],,6,3,0,False,True,886873076071268352,"[{'screen_name': 'barcelona_GUB', 'user_id': '442728468'}, {'screen_name': 'maticatradio', 'user_id': '59775384'}, {'screen_name': 'mossos', 'user_id': '110946158'}]"
47,barcelona_cat,Barcelona,95695959,886868114482368512,/barcelona_cat/status/886868114482368512,2017-07-17 08:40:10,1500280810,"Davant de la viol√®ncia masclista, no s'hi val mirar cap a una altra banda. Actua! #No√©sNo #BCNantimasclista
http://barcelona.cat/bcnantimasclista¬†‚Ä¶pic.twitter.com/aQEhWVurhM","<p class=""TweetTextSize js-tweet-text tweet-text"" data-aria-label-part=""0"" lang=""ca"">Davant de la <strong>viol√®ncia</strong> masclista, no s'hi val mirar cap a una altra banda. Actua! <a class=""twitter-hashtag pretty-link js-nav"" data-query-source=""hashtag_click"" dir=""ltr"" href=""/hashtag/No%C3%A9sNo?src=hash""><s>#</s><b>No√©sNo</b></a> <a class=""twitter-hashtag pretty-link js-nav"" data-query-source=""hashtag_click"" dir=""ltr"" href=""/hashtag/BCNantimasclista?src=hash""><s>#</s><b>BCNantimasclista</b></a>
<a class=""twitter-timeline-link"" data-expanded-url=""http://barcelona.cat/bcnantimasclista"" dir=""ltr"" href=""https://t.co/8gL3AHnyOq"" rel=""nofollow noopener"" target=""_blank"" title=""http://barcelona.cat/bcnantimasclista""><span class=""tco-ellipsis""></span><span class=""invisible"">http://</span><span class=""js-display-url"">barcelona.cat/bcnantimasclis</span><span class=""invisible"">ta</span><span class=""tco-ellipsis""><span class=""invisible"">¬†</span>‚Ä¶</span></a><a class=""twitter-timeline-link u-hidden"" data-pre-embedded=""true"" dir=""ltr"" href=""https://t.co/aQEhWVurhM"">pic.twitter.com/aQEhWVurhM</a></p>",['http://barcelona.cat/bcnantimasclista'],"['No√©sNo', 'BCNantimasclista']",True,['https://pbs.twimg.com/media/DE7J2XvWAAA5COD.jpg'],,4,5,0,False,False,,[]
48,ilnar_acoustic,ilnar sand,984767336,886826549592211457,/ilnar_acoustic/status/886826549592211457,2017-07-17 05:55:00,1500270900,Ser del PDeCAT no √©s cap delicte. Pensar que Neus Munt√© ser√† alcaldessa de Barcelona s'hi acosta.,"<p class=""TweetTextSize js-tweet-text tweet-text"" data-aria-label-part=""0"" lang=""ca"">Ser del PDeCAT no √©s cap <strong>delicte</strong>. Pensar que Neus Munt√© ser√† alcaldessa de <strong>Barcelona</strong> s'hi acosta.</p>",[],[],False,[],,0,0,1,True,False,,[]
49,MAssumpta,Assumpta Casadej√∫s ŸÜ ü•á,103418522,887073098960449536,/MAssumpta/status/887073098960449536,2017-07-17 22:14:42,1500329682,"En lugar de avergonzaros de vuestra incongruencia, la pregon√°is.

El crimen m√°s salvaje de ETA fue en Barcelona (Hipercor)

INDEPEND√àNCIA!!","<p class=""TweetTextSize js-tweet-text tweet-text"" data-aria-label-part=""0"" lang=""es"">En lugar de avergonzaros de vuestra incongruencia, la pregon√°is.

El <strong>crimen</strong> m√°s salvaje de ETA fue en <strong>Barcelona</strong> (Hipercor)

INDEPEND√àNCIA!!</p>",[],[],False,[],,3,3,0,False,True,886563885242662912,"[{'screen_name': 'populares', 'user_id': '20509689'}, {'screen_name': 'PPopular', 'user_id': '1100424245132300288'}, {'screen_name': 'pablocasado_', 'user_id': '523386042'}]"
50,JavierMillanCSP,Javier Mill√°n,765150124339322880,886966959077830656,/JavierMillanCSP/status/886966959077830656,2017-07-17 15:12:56,1500304376,En #Barcelona afirmamos nuestro compromiso de dar una ofensiva contundente contra la delincuencia #Seguridadpic.twitter.com/nD4fGJcjdr,"<p class=""TweetTextSize js-tweet-text tweet-text"" data-aria-label-part=""0"" lang=""es"">En <a class=""twitter-hashtag pretty-link js-nav"" data-query-source=""hashtag_click"" dir=""ltr"" href=""/hashtag/Barcelona?src=hash""><s>#</s><b><strong>Barcelona</strong></b></a> afirmamos nuestro compromiso de dar una ofensiva contundente contra la <strong>delincuencia</strong> <a class=""twitter-hashtag pretty-link js-nav"" data-query-source=""hashtag_click"" dir=""ltr"" href=""/hashtag/Seguridad?src=hash""><s>#</s><b>Seguridad</b></a><a class=""twitter-timeline-link u-hidden"" data-pre-embedded=""true"" dir=""ltr"" href=""https://t.co/nD4fGJcjdr"">pic.twitter.com/nD4fGJcjdr</a></p>",[],"['Barcelona', 'Seguridadpic']",True,['https://pbs.twimg.com/media/DE8jvyKXgAAGGI9.jpg'],,0,0,0,False,False,,[]
51,AlcaldiaBna,Alcald√≠a Barcelona,2314207123,886947369857822721,/AlcaldiaBna/status/886947369857822721,2017-07-17 13:55:06,1500299706,En #Barcelona afirmamos nuestro compromiso de dar una ofensiva contundente contra la delincuencia #Seguridadpic.twitter.com/nIS2WCj4KX,"<p class=""TweetTextSize js-tweet-text tweet-text"" data-aria-label-part=""0"" lang=""es"">En <a class=""twitter-hashtag pretty-link js-nav"" data-query-source=""hashtag_click"" dir=""ltr"" href=""/hashtag/Barcelona?src=hash""><s>#</s><b><strong>Barcelona</strong></b></a> afirmamos nuestro compromiso de dar una ofensiva contundente contra la <strong>delincuencia</strong> <a class=""twitter-hashtag pretty-link js-nav"" data-query-source=""hashtag_click"" dir=""ltr"" href=""/hashtag/Seguridad?src=hash""><s>#</s><b>Seguridad</b></a><a class=""twitter-timeline-link u-hidden"" data-pre-embedded=""true"" dir=""ltr"" href=""https://t.co/nIS2WCj4KX"">pic.twitter.com/nIS2WCj4KX</a></p>",[],"['Barcelona', 'Seguridadpic']",True,"['https://pbs.twimg.com/media/DE8R7hoW0AA_TZY.jpg', 'https://pbs.twimg.com/media/DE8R7fFXgAEB5nw.jpg']",,1,3,0,False,False,,[]
52,arabalears,Diari ARA Balears,194178895,886893095387844608,/arabalears/status/886893095387844608,2017-07-17 10:19:26,1500286766,"Despr√©s que el passatge atur√©s a Barcelona un vol de deportaci√≥, recuperam un v√≠deo on es veu la viol√®ncia policial http://arabalears.cat/_6d50df9a?s=t¬†","<p class=""TweetTextSize js-tweet-text tweet-text"" data-aria-label-part=""0"" lang=""ca"">Despr√©s que el passatge atur√©s a <strong>Barcelona</strong> un vol de deportaci√≥, recuperam un v√≠deo on es veu la <strong>viol√®ncia</strong> policial <a class=""twitter-timeline-link"" data-expanded-url=""http://arabalears.cat/_6d50df9a?s=t"" dir=""ltr"" href=""https://t.co/a2RJf2o43f"" rel=""nofollow noopener"" target=""_blank"" title=""http://arabalears.cat/_6d50df9a?s=t""><span class=""tco-ellipsis""></span><span class=""invisible"">http://</span><span class=""js-display-url"">arabalears.cat/_6d50df9a?s=t</span><span class=""invisible""></span><span class=""tco-ellipsis""><span class=""invisible"">¬†</span></span></a></p>",['http://arabalears.cat/_6d50df9a?s=t'],[],False,[],,0,0,0,False,False,,[]
53,barcelona_GUB,Gu√†rdia Urbana Barcelona,442728468,886883543036678144,/barcelona_GUB/status/886883543036678144,2017-07-17 09:41:28,1500284488,"Pedro vel√†zquez: ""A Barcelona els robatoris amb viol√®ncia no s√≥n habituals. Els furts principalment s√≥n per descuits"". pic.twitter.com/iqek1KShc4","<p class=""TweetTextSize js-tweet-text tweet-text"" data-aria-label-part=""0"" lang=""ca"">Pedro vel√†zquez: ""A <strong>Barcelona</strong> els robatoris amb <strong>viol√®ncia</strong> no s√≥n habituals. Els furts principalment s√≥n per descuits"". <a class=""twitter-timeline-link u-hidden"" data-pre-embedded=""true"" dir=""ltr"" href=""https://t.co/iqek1KShc4"">pic.twitter.com/iqek1KShc4</a></p>",[],[],True,['https://pbs.twimg.com/media/DE7XzcAXUAAVeKH.jpg'],,6,3,0,False,True,886873076071268352,"[{'screen_name': 'barcelona_GUB', 'user_id': '442728468'}, {'screen_name': 'maticatradio', 'user_id': '59775384'}, {'screen_name': 'mossos', 'user_id': '110946158'}]"
54,barcelona_cat,Barcelona,95695959,886868114482368512,/barcelona_cat/status/886868114482368512,2017-07-17 08:40:10,1500280810,"Davant de la viol√®ncia masclista, no s'hi val mirar cap a una altra banda. Actua! #No√©sNo #BCNantimasclista
http://barcelona.cat/bcnantimasclista¬†‚Ä¶pic.twitter.com/aQEhWVurhM","<p class=""TweetTextSize js-tweet-text tweet-text"" data-aria-label-part=""0"" lang=""ca"">Davant de la <strong>viol√®ncia</strong> masclista, no s'hi val mirar cap a una altra banda. Actua! <a class=""twitter-hashtag pretty-link js-nav"" data-query-source=""hashtag_click"" dir=""ltr"" href=""/hashtag/No%C3%A9sNo?src=hash""><s>#</s><b>No√©sNo</b></a> <a class=""twitter-hashtag pretty-link js-nav"" data-query-source=""hashtag_click"" dir=""ltr"" href=""/hashtag/BCNantimasclista?src=hash""><s>#</s><b>BCNantimasclista</b></a>
<a class=""twitter-timeline-link"" data-expanded-url=""http://barcelona.cat/bcnantimasclista"" dir=""ltr"" href=""https://t.co/8gL3AHnyOq"" rel=""nofollow noopener"" target=""_blank"" title=""http://barcelona.cat/bcnantimasclista""><span class=""tco-ellipsis""></span><span class=""invisible"">http://</span><span class=""js-display-url"">barcelona.cat/bcnantimasclis</span><span class=""invisible"">ta</span><span class=""tco-ellipsis""><span class=""invisible"">¬†</span>‚Ä¶</span></a><a class=""twitter-timeline-link u-hidden"" data-pre-embedded=""true"" dir=""ltr"" href=""https://t.co/aQEhWVurhM"">pic.twitter.com/aQEhWVurhM</a></p>",['http://barcelona.cat/bcnantimasclista'],"['No√©sNo', 'BCNantimasclista']",True,['https://pbs.twimg.com/media/DE7J2XvWAAA5COD.jpg'],,4,5,0,False,False,,[]
55,ilnar_acoustic,ilnar sand,984767336,886826549592211457,/ilnar_acoustic/status/886826549592211457,2017-07-17 05:55:00,1500270900,Ser del PDeCAT no √©s cap delicte. Pensar que Neus Munt√© ser√† alcaldessa de Barcelona s'hi acosta.,"<p class=""TweetTextSize js-tweet-text tweet-text"" data-aria-label-part=""0"" lang=""ca"">Ser del PDeCAT no √©s cap <strong>delicte</strong>. Pensar que Neus Munt√© ser√† alcaldessa de <strong>Barcelona</strong> s'hi acosta.</p>",[],[],False,[],,0,0,1,True,False,,[]
56,CICPC0072,DELEGACI√ìN MUNICIPAL BARCELONA,182571092,888043518190657537,/CICPC0072/status/888043518190657537,2017-07-20 14:30:48,1500561048,Capturamos a dos sujetos por el delito de lesiones en el Sector Las Casitas de Barcelona #CicpcEsSeguridadpic.twitter.com/LDUYyfReP8,"<p class=""TweetTextSize js-tweet-text tweet-text"" data-aria-label-part=""0"" lang=""es"">Capturamos a dos sujetos por el <strong>delito</strong> de lesiones en el Sector Las Casitas de <strong>Barcelona</strong> <a class=""twitter-hashtag pretty-link js-nav"" data-query-source=""hashtag_click"" dir=""ltr"" href=""/hashtag/CicpcEsSeguridad?src=hash""><s>#</s><b>CicpcEsSeguridad</b></a><a class=""twitter-timeline-link u-hidden"" data-pre-embedded=""true"" dir=""ltr"" href=""https://t.co/LDUYyfReP8"">pic.twitter.com/LDUYyfReP8</a></p>",[],['CicpcEsSeguridadpic'],True,['https://pbs.twimg.com/media/DFL2pgnXcAMGTB3.jpg'],,1,11,0,False,False,,[]
57,CICPC0072,DELEGACI√ìN MUNICIPAL BARCELONA,182571092,888025708295016456,/CICPC0072/status/888025708295016456,2017-07-20 13:20:02,1500556802,Capturamos a un sujeto por el Delito de Estafa en la Avenida Juan de Urpin de Barcelona #CicpcEsSeguridadpic.twitter.com/kIjDT3yG17,"<p class=""TweetTextSize js-tweet-text tweet-text"" data-aria-label-part=""0"" lang=""es"">Capturamos a un sujeto por el <strong>Delito</strong> de Estafa en la Avenida Juan de Urpin de <strong>Barcelona</strong> <a class=""twitter-hashtag pretty-link js-nav"" data-query-source=""hashtag_click"" dir=""ltr"" href=""/hashtag/CicpcEsSeguridad?src=hash""><s>#</s><b>CicpcEsSeguridad</b></a><a class=""twitter-timeline-link u-hidden"" data-pre-embedded=""true"" dir=""ltr"" href=""https://t.co/kIjDT3yG17"">pic.twitter.com/kIjDT3yG17</a></p>",[],['CicpcEsSeguridadpic'],True,['https://pbs.twimg.com/media/DFLmnTSWsAEoPnL.jpg'],,0,7,0,False,False,,[]
58,CICPC0072,DELEGACI√ìN MUNICIPAL BARCELONA,182571092,888025076263784448,/CICPC0072/status/888025076263784448,2017-07-20 13:17:31,1500556651,Capturamos a un sujeto por el Delito de Estafa en la Avenida Juan de Urpin de Barcelona #CicpcEsSeguridadpic.twitter.com/K54rvMbEel,"<p class=""TweetTextSize js-tweet-text tweet-text"" data-aria-label-part=""0"" lang=""es"">Capturamos a un sujeto por el <strong>Delito</strong> de Estafa en la Avenida Juan de Urpin de <strong>Barcelona</strong> <a class=""twitter-hashtag pretty-link js-nav"" data-query-source=""hashtag_click"" dir=""ltr"" href=""/hashtag/CicpcEsSeguridad?src=hash""><s>#</s><b>CicpcEsSeguridad</b></a><a class=""twitter-timeline-link u-hidden"" data-pre-embedded=""true"" dir=""ltr"" href=""https://t.co/K54rvMbEel"">pic.twitter.com/K54rvMbEel</a></p>",[],['CicpcEsSeguridadpic'],True,['https://pbs.twimg.com/media/DFLlUHvXoAAZO-F.jpg'],,2,10,0,False,False,,[]
59,heavillista,üîªüíÄHEAVILLISTA SFCüíÄüîª,125036044,888003806327443458,/heavillista/status/888003806327443458,2017-07-20 11:53:00,1500551580,estan todavia liao con la agresion de los pe√±istas en barcelona.,"<p class=""TweetTextSize js-tweet-text tweet-text"" data-aria-label-part=""0"" lang=""es"">estan todavia liao con la <strong>agresion</strong> de los pe√±istas en <strong>barcelona</strong>.</p>",[],[],False,[],,0,0,1,True,True,887949683670351872,"[{'screen_name': 'paco55sevilla', 'user_id': '1047402464'}, {'screen_name': 'SevillaFC', 'user_id': '115123104'}]"
60,CatalunyaDiari,CatalunyaDiari,3136404525,887991147578228736,/CatalunyaDiari/status/887991147578228736,2017-07-20 11:02:42,1500548562,Augmenten un 36% els casos d'agressi√≥ sexual a #Barcelona entre el 2012 i el 2016 http://bit.ly/2vmuTUc¬† #CatalunyaDiari,"<p class=""TweetTextSize js-tweet-text tweet-text"" data-aria-label-part=""0"" lang=""es"">Augmenten un 36% els casos d'<strong>agressi√≥</strong> sexual a <a class=""twitter-hashtag pretty-link js-nav"" data-query-source=""hashtag_click"" dir=""ltr"" href=""/hashtag/Barcelona?src=hash""><s>#</s><b><strong>Barcelona</strong></b></a> entre el 2012 i el 2016 <a class=""twitter-timeline-link"" data-expanded-url=""http://bit.ly/2vmuTUc"" dir=""ltr"" href=""https://t.co/8f8r0TBFCO"" rel=""nofollow noopener"" target=""_blank"" title=""http://bit.ly/2vmuTUc""><span class=""tco-ellipsis""></span><span class=""invisible"">http://</span><span class=""js-display-url"">bit.ly/2vmuTUc</span><span class=""invisible""></span><span class=""tco-ellipsis""><span class=""invisible"">¬†</span></span></a> <a class=""twitter-hashtag pretty-link js-nav"" data-query-source=""hashtag_click"" dir=""ltr"" href=""/hashtag/CatalunyaDiari?src=hash""><s>#</s><b>CatalunyaDiari</b></a></p>",['http://bit.ly/2vmuTUc'],"['Barcelona', 'CatalunyaDiari']",False,[],,0,0,0,False,False,,[]
61,IvanFiTCombat,IvanCombat,739590649,887866159214800899,/IvanFiTCombat/status/887866159214800899,2017-07-20 02:46:02,1500518762,"Barcelona y Puerto La Cruz con alcaldes chavistas, sin embargo la gente protesta cansada de tanta infamia, tanta hambre e inseguridad.","<p class=""TweetTextSize js-tweet-text tweet-text"" data-aria-label-part=""0"" lang=""es""><strong>Barcelona</strong> y Puerto La Cruz con alcaldes chavistas, sin embargo la gente protesta cansada de tanta infamia, tanta hambre e <strong>inseguridad</strong>.</p>",[],[],False,[],,0,0,2,True,True,887854249119559682,"[{'screen_name': 'trafficPUERTO', 'user_id': '97180279'}, {'screen_name': 'MAPRJMRB', 'user_id': '122116874'}, {'screen_name': 'jose18gcm', 'user_id': '120530854'}]"
62,CICPC0072,DELEGACI√ìN MUNICIPAL BARCELONA,182571092,888043518190657537,/CICPC0072/status/888043518190657537,2017-07-20 14:30:48,1500561048,Capturamos a dos sujetos por el delito de lesiones en el Sector Las Casitas de Barcelona #CicpcEsSeguridadpic.twitter.com/LDUYyfReP8,"<p class=""TweetTextSize js-tweet-text tweet-text"" data-aria-label-part=""0"" lang=""es"">Capturamos a dos sujetos por el <strong>delito</strong> de lesiones en el Sector Las Casitas de <strong>Barcelona</strong> <a class=""twitter-hashtag pretty-link js-nav"" data-query-source=""hashtag_click"" dir=""ltr"" href=""/hashtag/CicpcEsSeguridad?src=hash""><s>#</s><b>CicpcEsSeguridad</b></a><a class=""twitter-timeline-link u-hidden"" data-pre-embedded=""true"" dir=""ltr"" href=""https://t.co/LDUYyfReP8"">pic.twitter.com/LDUYyfReP8</a></p>",[],['CicpcEsSeguridadpic'],True,['https://pbs.twimg.com/media/DFL2pgnXcAMGTB3.jpg'],,1,11,0,False,False,,[]
63,CICPC0072,DELEGACI√ìN MUNICIPAL BARCELONA,182571092,888025708295016456,/CICPC0072/status/888025708295016456,2017-07-20 13:20:02,1500556802,Capturamos a un sujeto por el Delito de Estafa en la Avenida Juan de Urpin de Barcelona #CicpcEsSeguridadpic.twitter.com/kIjDT3yG17,"<p class=""TweetTextSize js-tweet-text tweet-text"" data-aria-label-part=""0"" lang=""es"">Capturamos a un sujeto por el <strong>Delito</strong> de Estafa en la Avenida Juan de Urpin de <strong>Barcelona</strong> <a class=""twitter-hashtag pretty-link js-nav"" data-query-source=""hashtag_click"" dir=""ltr"" href=""/hashtag/CicpcEsSeguridad?src=hash""><s>#</s><b>CicpcEsSeguridad</b></a><a class=""twitter-timeline-link u-hidden"" data-pre-embedded=""true"" dir=""ltr"" href=""https://t.co/kIjDT3yG17"">pic.twitter.com/kIjDT3yG17</a></p>",[],['CicpcEsSeguridadpic'],True,['https://pbs.twimg.com/media/DFLmnTSWsAEoPnL.jpg'],,0,7,0,False,False,,[]
64,CICPC0072,DELEGACI√ìN MUNICIPAL BARCELONA,182571092,888025076263784448,/CICPC0072/status/888025076263784448,2017-07-20 13:17:31,1500556651,Capturamos a un sujeto por el Delito de Estafa en la Avenida Juan de Urpin de Barcelona #CicpcEsSeguridadpic.twitter.com/K54rvMbEel,"<p class=""TweetTextSize js-tweet-text tweet-text"" data-aria-label-part=""0"" lang=""es"">Capturamos a un sujeto por el <strong>Delito</strong> de Estafa en la Avenida Juan de Urpin de <strong>Barcelona</strong> <a class=""twitter-hashtag pretty-link js-nav"" data-query-source=""hashtag_click"" dir=""ltr"" href=""/hashtag/CicpcEsSeguridad?src=hash""><s>#</s><b>CicpcEsSeguridad</b></a><a class=""twitter-timeline-link u-hidden"" data-pre-embedded=""true"" dir=""ltr"" href=""https://t.co/K54rvMbEel"">pic.twitter.com/K54rvMbEel</a></p>",[],['CicpcEsSeguridadpic'],True,['https://pbs.twimg.com/media/DFLlUHvXoAAZO-F.jpg'],,2,10,0,False,False,,[]
65,heavillista,üîªüíÄHEAVILLISTA SFCüíÄüîª,125036044,888003806327443458,/heavillista/status/888003806327443458,2017-07-20 11:53:00,1500551580,estan todavia liao con la agresion de los pe√±istas en barcelona.,"<p class=""TweetTextSize js-tweet-text tweet-text"" data-aria-label-part=""0"" lang=""es"">estan todavia liao con la <strong>agresion</strong> de los pe√±istas en <strong>barcelona</strong>.</p>",[],[],False,[],,0,0,1,True,True,887949683670351872,"[{'screen_name': 'paco55sevilla', 'user_id': '1047402464'}, {'screen_name': 'SevillaFC', 'user_id': '115123104'}]"
66,CatalunyaDiari,CatalunyaDiari,3136404525,887991147578228736,/CatalunyaDiari/status/887991147578228736,2017-07-20 11:02:42,1500548562,Augmenten un 36% els casos d'agressi√≥ sexual a #Barcelona entre el 2012 i el 2016 http://bit.ly/2vmuTUc¬† #CatalunyaDiari,"<p class=""TweetTextSize js-tweet-text tweet-text"" data-aria-label-part=""0"" lang=""es"">Augmenten un 36% els casos d'<strong>agressi√≥</strong> sexual a <a class=""twitter-hashtag pretty-link js-nav"" data-query-source=""hashtag_click"" dir=""ltr"" href=""/hashtag/Barcelona?src=hash""><s>#</s><b><strong>Barcelona</strong></b></a> entre el 2012 i el 2016 <a class=""twitter-timeline-link"" data-expanded-url=""http://bit.ly/2vmuTUc"" dir=""ltr"" href=""https://t.co/8f8r0TBFCO"" rel=""nofollow noopener"" target=""_blank"" title=""http://bit.ly/2vmuTUc""><span class=""tco-ellipsis""></span><span class=""invisible"">http://</span><span class=""js-display-url"">bit.ly/2vmuTUc</span><span class=""invisible""></span><span class=""tco-ellipsis""><span class=""invisible"">¬†</span></span></a> <a class=""twitter-hashtag pretty-link js-nav"" data-query-source=""hashtag_click"" dir=""ltr"" href=""/hashtag/CatalunyaDiari?src=hash""><s>#</s><b>CatalunyaDiari</b></a></p>",['http://bit.ly/2vmuTUc'],"['Barcelona', 'CatalunyaDiari']",False,[],,0,0,0,False,False,,[]
67,IvanFiTCombat,IvanCombat,739590649,887866159214800899,/IvanFiTCombat/status/887866159214800899,2017-07-20 02:46:02,1500518762,"Barcelona y Puerto La Cruz con alcaldes chavistas, sin embargo la gente protesta cansada de tanta infamia, tanta hambre e inseguridad.","<p class=""TweetTextSize js-tweet-text tweet-text"" data-aria-label-part=""0"" lang=""es""><strong>Barcelona</strong> y Puerto La Cruz con alcaldes chavistas, sin embargo la gente protesta cansada de tanta infamia, tanta hambre e <strong>inseguridad</strong>.</p>",[],[],False,[],,0,0,2,True,True,887854249119559682,"[{'screen_name': 'trafficPUERTO', 'user_id': '97180279'}, {'screen_name': 'MAPRJMRB', 'user_id': '122116874'}, {'screen_name': 'jose18gcm', 'user_id': '120530854'}]"
68,GeraltDeRivia21,Geralt De Rivia,885638089053483009,885862654102970368,/GeraltDeRivia21/status/885862654102970368,2017-07-14 14:04:49,1500041089,Foto de la agresi√≥n a las dos mujeres que promovian Barcelona con la selecci√≥n pic.twitter.com/hRcDzbQUEg,"<p class=""TweetTextSize js-tweet-text tweet-text"" data-aria-label-part=""0"" lang=""es"">Foto de la <strong>agresi√≥n</strong> a las dos mujeres que promovian <strong>Barcelona</strong> con la selecci√≥n <a class=""twitter-timeline-link u-hidden"" data-pre-embedded=""true"" dir=""ltr"" href=""https://t.co/hRcDzbQUEg"">pic.twitter.com/hRcDzbQUEg</a></p>",[],[],True,['https://pbs.twimg.com/media/DEs3YYoXkAED_Pd.jpg'],,2,0,2,True,True,885838877726044160,"[{'screen_name': 'DrPonseti', 'user_id': '76589288'}, {'screen_name': 'DMarzal', 'user_id': '293540558'}]"
69,Mazelmind,Mazelmind  ◊û◊ñ◊ú,2369117673,885761710656823296,/Mazelmind/status/885761710656823296,2017-07-14 07:23:43,1500017023,Ahora entiendo porque qu√© Barcelona es un nido de mierda y delincuencia. https://twitter.com/AdaColau/status/885459502425919488¬†‚Ä¶,"<p class=""TweetTextSize js-tweet-text tweet-text"" data-aria-label-part=""4"" lang=""es"">Ahora entiendo porque qu√© <strong>Barcelona</strong> es un nido de mierda y <strong>delincuencia</strong>. <a class=""twitter-timeline-link u-hidden"" data-expanded-url=""https://twitter.com/AdaColau/status/885459502425919488"" dir=""ltr"" href=""https://t.co/QP1hnjJCUt"" rel=""nofollow noopener"" target=""_blank"" title=""https://twitter.com/AdaColau/status/885459502425919488""><span class=""tco-ellipsis""></span><span class=""invisible"">https://</span><span class=""js-display-url"">twitter.com/AdaColau/statu</span><span class=""invisible"">s/885459502425919488</span><span class=""tco-ellipsis""><span class=""invisible"">¬†</span>‚Ä¶</span></a></p>",['https://twitter.com/AdaColau/status/885459502425919488'],[],False,[],,9,6,0,False,False,,[]
70,yovanmartinez78,Yovan Martinez,329371886,885689595618316288,/yovanmartinez78/status/885689595618316288,2017-07-14 02:37:09,1499999829,@GustavoMarcano gran abuso el de @polibolivar_bna hoy en el crucero de lecheria sera q toda Barcelona esta libre de delincuencia? ?,"<p class=""TweetTextSize js-tweet-text tweet-text"" data-aria-label-part=""0"" lang=""es""><a class=""twitter-atreply pretty-link js-nav"" data-mentioned-user-id=""58324984"" dir=""ltr"" href=""/GustavoMarcano""><s>@</s><b>GustavoMarcano</b></a> gran abuso el de <a class=""twitter-atreply pretty-link js-nav"" data-mentioned-user-id=""730814688"" dir=""ltr"" href=""/polibolivar_bna""><s>@</s><b>polibolivar_bna</b></a> hoy en el crucero de lecheria sera q toda <strong>Barcelona</strong> esta libre de <strong>delincuencia</strong>? ?</p>",[],[],False,[],,0,0,0,False,False,,[]
71,GeraltDeRivia21,Geralt De Rivia,885638089053483009,885862654102970368,/GeraltDeRivia21/status/885862654102970368,2017-07-14 14:04:49,1500041089,Foto de la agresi√≥n a las dos mujeres que promovian Barcelona con la selecci√≥n pic.twitter.com/hRcDzbQUEg,"<p class=""TweetTextSize js-tweet-text tweet-text"" data-aria-label-part=""0"" lang=""es"">Foto de la <strong>agresi√≥n</strong> a las dos mujeres que promovian <strong>Barcelona</strong> con la selecci√≥n <a class=""twitter-timeline-link u-hidden"" data-pre-embedded=""true"" dir=""ltr"" href=""https://t.co/hRcDzbQUEg"">pic.twitter.com/hRcDzbQUEg</a></p>",[],[],True,['https://pbs.twimg.com/media/DEs3YYoXkAED_Pd.jpg'],,2,0,2,True,True,885838877726044160,"[{'screen_name': 'DrPonseti', 'user_id': '76589288'}, {'screen_name': 'DMarzal', 'user_id': '293540558'}]"
72,Mazelmind,Mazelmind  ◊û◊ñ◊ú,2369117673,885761710656823296,/Mazelmind/status/885761710656823296,2017-07-14 07:23:43,1500017023,Ahora entiendo porque qu√© Barcelona es un nido de mierda y delincuencia. https://twitter.com/AdaColau/status/885459502425919488¬†‚Ä¶,"<p class=""TweetTextSize js-tweet-text tweet-text"" data-aria-label-part=""4"" lang=""es"">Ahora entiendo porque qu√© <strong>Barcelona</strong> es un nido de mierda y <strong>delincuencia</strong>. <a class=""twitter-timeline-link u-hidden"" data-expanded-url=""https://twitter.com/AdaColau/status/885459502425919488"" dir=""ltr"" href=""https://t.co/QP1hnjJCUt"" rel=""nofollow noopener"" target=""_blank"" title=""https://twitter.com/AdaColau/status/885459502425919488""><span class=""tco-ellipsis""></span><span class=""invisible"">https://</span><span class=""js-display-url"">twitter.com/AdaColau/statu</span><span class=""invisible"">s/885459502425919488</span><span class=""tco-ellipsis""><span class=""invisible"">¬†</span>‚Ä¶</span></a></p>",['https://twitter.com/AdaColau/status/885459502425919488'],[],False,[],,9,6,0,False,False,,[]
73,yovanmartinez78,Yovan Martinez,329371886,885689595618316288,/yovanmartinez78/status/885689595618316288,2017-07-14 02:37:09,1499999829,@GustavoMarcano gran abuso el de @polibolivar_bna hoy en el crucero de lecheria sera q toda Barcelona esta libre de delincuencia? ?,"<p class=""TweetTextSize js-tweet-text tweet-text"" data-aria-label-part=""0"" lang=""es""><a class=""twitter-atreply pretty-link js-nav"" data-mentioned-user-id=""58324984"" dir=""ltr"" href=""/GustavoMarcano""><s>@</s><b>GustavoMarcano</b></a> gran abuso el de <a class=""twitter-atreply pretty-link js-nav"" data-mentioned-user-id=""730814688"" dir=""ltr"" href=""/polibolivar_bna""><s>@</s><b>polibolivar_bna</b></a> hoy en el crucero de lecheria sera q toda <strong>Barcelona</strong> esta libre de <strong>delincuencia</strong>? ?</p>",[],[],False,[],,0,0,0,False,False,,[]
